-- phpMyAdmin SQL Dump
-- version 4.0.9
-- http://www.phpmyadmin.net
--
-- Host: 127.0.0.1
-- Generation Time: Sep 19, 2014 at 09:36 AM
-- Server version: 5.6.14
-- PHP Version: 5.5.6

SET SQL_MODE = "NO_AUTO_VALUE_ON_ZERO";
SET time_zone = "+00:00";


/*!40101 SET @OLD_CHARACTER_SET_CLIENT=@@CHARACTER_SET_CLIENT */;
/*!40101 SET @OLD_CHARACTER_SET_RESULTS=@@CHARACTER_SET_RESULTS */;
/*!40101 SET @OLD_COLLATION_CONNECTION=@@COLLATION_CONNECTION */;
/*!40101 SET NAMES utf8 */;

--
-- Database: `cocinero`
--

-- --------------------------------------------------------

--
-- Table structure for table `admin`
--

CREATE TABLE IF NOT EXISTS `admin` (
  `admin_sk` int(11) NOT NULL,
  `admin_username` varchar(50) NOT NULL,
  `admin_password` varchar(30) NOT NULL,
  `admin_email` varchar(50) NOT NULL,
  `admin_status` int(1) NOT NULL
) ENGINE=InnoDB DEFAULT CHARSET=latin1;

--
-- Dumping data for table `admin`
--

INSERT INTO `admin` (`admin_sk`, `admin_username`, `admin_password`, `admin_email`, `admin_status`) VALUES
(1, 'siteadmin', 'siteadmin', 'coceniro@coceniro.com', 1);

-- --------------------------------------------------------

--
-- Table structure for table `cities`
--

CREATE TABLE IF NOT EXISTS `cities` (
  `cityID` mediumint(8) unsigned NOT NULL AUTO_INCREMENT,
  `cityName` varchar(50) NOT NULL,
  `stateID` smallint(5) unsigned NOT NULL DEFAULT '0',
  `countryID` varchar(3) NOT NULL DEFAULT '',
  `latitude` double NOT NULL DEFAULT '0',
  `longitude` double NOT NULL DEFAULT '0',
  PRIMARY KEY (`cityID`),
  UNIQUE KEY `unq` (`countryID`,`stateID`,`cityID`),
  KEY `cityName` (`cityName`),
  KEY `stateID` (`stateID`),
  KEY `countryID` (`countryID`),
  KEY `latitude` (`latitude`),
  KEY `longitude` (`longitude`),
  KEY `countrystate` (`countryID`,`stateID`),
  KEY `countrycity` (`countryID`,`cityID`)
) ENGINE=InnoDB  DEFAULT CHARSET=utf8 ROW_FORMAT=DYNAMIC AUTO_INCREMENT=79675 ;

--
-- Dumping data for table `cities`
--

INSERT INTO `cities` (`cityID`, `cityName`, `stateID`, `countryID`, `latitude`, `longitude`) VALUES
(7, 'Mountain View', 5, 'USA', 37.42, -122.06),
(8, 'Beijing', 6, 'CHN', 39.93, 116.39),
(11, 'Ackworth', 9, 'USA', 41.36, -93.43),
(13, 'Far Rockaway', 10, 'USA', 40.61, -73.79),
(14, 'Hebei', 11, 'CHN', 39.89, 115.28),
(15, 'Los Angeles', 5, 'USA', 34.04, -118.25),
(16, 'Nanjing', 12, 'CHN', 32.06, 118.78),
(18, 'Sunnyvale', 5, 'USA', 37.42, -122.01),
(20, 'Newark', 14, 'USA', 40.74, -74.17),
(21, 'Malden', 15, 'USA', 42.43, -71.05),
(22, 'Trumbull', 16, 'USA', 41.26, -73.21),
(23, 'Guangzhou', 17, 'CHN', 23.12, 113.25),
(25, 'Cupertino', 5, 'USA', 37.3, -122.09),
(26, 'Fort Lauderdale', 19, 'USA', 26.1, -80.27),
(27, 'South Amboy', 14, 'USA', 40.48, -74.29),
(33, 'Keller', 24, 'USA', 32.93, -97.25),
(34, 'Long Island City', 10, 'USA', 40.74, -73.94),
(38, 'Brooklyn', 10, 'USA', 40.69, -73.99),
(39, 'Army Post Office', 28, 'USA', 56, -100),
(42, 'Mesquite', 24, 'USA', 32.76, -96.61),
(44, 'Mc Minnville', 32, 'USA', 35.65, -85.73),
(45, 'Flatwoods', 33, 'USA', 38.5, -82.73),
(46, 'Saint-maur-des-fossés', 34, 'FRA', 48.8, 2.5),
(47, 'Bogart', 35, 'USA', 33.91, -83.52),
(48, 'Cedar Hill', 24, 'USA', 32.59, -96.97),
(50, 'São Gonçalo', 37, 'BRA', -22.8, -43.03),
(51, 'Levittown', 10, 'USA', 40.72, -73.52),
(52, 'z.... TRIAL VERSION from MYIP.MS ....', 5, 'USA', 33.84, -118.35),
(53, 'Cornelia', 35, 'USA', 34.5, -83.58),
(61, 'Des Plaines', 44, 'USA', 42, -87.9),
(63, 'Fortaleza', 46, 'BRA', -3.32, -41.42),
(64, 'Denver', 47, 'USA', 39.75, -105),
(65, 'Shenzhen', 17, 'CHN', 22.53, 114.13),
(66, 'Wenzhou', 48, 'CHN', 28.02, 120.65),
(67, 'Riverton', 49, 'USA', 40.48, -112.01),
(72, 'Shenyang', 52, 'CHN', 41.79, 123.43),
(77, 'Gurgaon', 56, 'IND', 28.47, 77.03),
(78, 'Glen Burnie', 57, 'USA', 39.16, -76.6),
(79, 'z.... TRIAL VERSION from MYIP.MS ....', 10, 'USA', 40.8, -73.97),
(81, 'Miami', 19, 'USA', 25.81, -80.24),
(83, 'Chicago', 44, 'USA', 41.88, -87.63),
(87, 'Shanghai', 62, 'CHN', 31, 121.41),
(90, 'Tianjin', 64, 'CHN', 39.14, 117.18),
(99, 'Evansdale', 9, 'USA', 42.49, -92.29),
(102, 'Houston', 24, 'USA', 29.8, -95.42),
(103, 'z.... TRIAL VERSION from MYIP.MS ....', 24, 'USA', 32.78, -96.8),
(106, 'Dongguan', 17, 'CHN', 23.05, 113.74),
(107, 'Anderson', 72, 'USA', 34.48, -82.68),
(108, 'Bozeman', 73, 'USA', 45.71, -111.06),
(112, 'Marksville', 76, 'USA', 31.18, -92.02),
(113, 'Xiamen', 77, 'CHN', 24.47, 118.09),
(114, 'Billerica', 15, 'USA', 42.55, -71.26),
(116, 'Florianópolis', 78, 'BRA', -27.58, -48.57),
(118, 'Vitória', 80, 'BRA', -20.32, -40.35),
(121, 'Memphis', 32, 'USA', 35.03, -89.78),
(125, 'Seattle', 84, 'USA', 47.58, -122.3),
(126, 'Hyderabad', 85, 'IND', 17.38, 78.47),
(128, 'Prospect', 87, 'USA', 40.9, -80.08),
(132, 'Nanning', 90, 'CHN', 22.82, 108.32),
(133, 'Bellevue', 84, 'USA', 47.6, -122.16),
(135, 'Apollo Beach', 19, 'USA', 27.77, -82.41),
(138, 'Elgin', 44, 'USA', 42.03, -88.3),
(139, 'Cherryville', 93, 'USA', 35.39, -81.39),
(141, 'Jiazhuang', 94, 'CHN', 37.26, 117.08),
(144, 'Chongqing', 97, 'CHN', 29.56, 106.55),
(145, 'Jinan', 94, 'CHN', 36.67, 117),
(146, 'Grand Blanc', 98, 'USA', 42.92, -83.65),
(147, 'Indiana', 87, 'USA', 40.62, -79.15),
(148, 'Wuhan', 99, 'CHN', 30.58, 114.27),
(149, 'Delhi', 100, 'IND', 28.67, 77.22),
(150, 'Morrilton', 101, 'USA', 35.17, -92.74),
(154, 'Sharon', 15, 'USA', 42.11, -71.18),
(155, 'Pompton Lakes', 14, 'USA', 41, -74.28),
(158, 'Eau Claire', 107, 'USA', 44.79, -91.54),
(160, 'Saint Petersburg', 19, 'USA', 27.63, -82.7),
(162, 'Hangzhou', 48, 'CHN', 30.26, 120.17),
(165, 'Mount Holly', 14, 'USA', 39.99, -74.79),
(166, 'Gindou', 112, 'FRA', 44.63, 1.27),
(167, 'Chaoyang', 52, 'CHN', 41.57, 120.46),
(172, 'z.... TRIAL VERSION from MYIP.MS ....', 19, 'USA', 30.47, -84.22),
(174, 'Daqing', 52, 'CHN', 41.72, 123.2),
(176, 'Meulan', 116, 'FRA', 49.02, 1.9),
(184, 'Salvador', 121, 'BRA', -12.98, -38.52),
(187, 'Atlanta', 35, 'USA', 33.8, -84.39),
(188, 'Harbin', 123, 'CHN', 45.75, 126.65),
(190, 'Hopkins', 72, 'USA', 33.91, -80.83),
(197, 'Paris', 101, 'USA', 35.28, -93.72),
(198, 'Cary', 93, 'USA', 35.78, -78.82),
(200, 'Southgate', 98, 'USA', 42.21, -83.21),
(201, 'Madras', 128, 'IND', 13.08, 80.28),
(202, 'Viola', 101, 'USA', 36.38, -92),
(203, 'Euclid', 129, 'USA', 41.57, -81.53),
(204, 'Benton', 101, 'USA', 34.59, -92.67),
(205, 'z.... TRIAL VERSION from MYIP.MS ....', 14, 'USA', 40.85, -74.02),
(208, 'Rio Rancho', 132, 'USA', 35.25, -106.72),
(210, 'Hutchinson', 133, 'USA', 38.13, -97.93),
(212, 'Montgomery', 87, 'USA', 41.18, -76.95),
(213, 'Colorado Springs', 47, 'USA', 38.83, -104.74),
(214, 'Moriarty', 132, 'USA', 34.96, -106),
(218, 'Vail', 47, 'USA', 39.64, -106.32),
(219, 'z.... TRIAL VERSION from MYIP.MS ....', 101, 'USA', 35.14, -90.15),
(221, 'Sandy', 136, 'USA', 45.38, -122.18),
(223, 'Fennville', 98, 'USA', 42.57, -86.11),
(224, 'Agra', 138, 'IND', 27.18, 78.02),
(227, 'Kearney', 140, 'USA', 40.76, -99.02),
(230, 'Kittanning', 87, 'USA', 40.81, -79.42),
(233, 'Ripley', 143, 'USA', 38.79, -81.68),
(234, 'Norwood', 15, 'USA', 42.18, -71.2),
(235, 'z.... TRIAL VERSION from MYIP.MS ....', 15, 'USA', 42.28, -71.12),
(237, 'z.... TRIAL VERSION from MYIP.MS ....', 87, 'USA', 40.79, -77.87),
(238, 'Alexandria', 144, 'USA', 38.81, -77.13),
(244, 'Richmond', 144, 'USA', 37.54, -77.48),
(245, 'Belton', 145, 'USA', 38.78, -94.55),
(250, 'Laurel', 148, 'USA', 31.7, -89.11),
(252, 'Lolo', 73, 'USA', 46.73, -114.36),
(253, 'Peoria', 44, 'USA', 40.69, -89.59),
(257, 'Iowa City', 9, 'USA', 41.64, -91.46),
(258, 'Pawtucket', 151, 'USA', 41.87, -71.39),
(259, 'Madison', 107, 'USA', 43.07, -89.39),
(260, 'Toledo', 129, 'USA', 41.71, -83.54),
(269, 'Woodbridge', 144, 'USA', 38.65, -77.31),
(270, 'Suzhou', 12, 'CHN', 31.31, 120.62),
(272, 'São Paulo', 155, 'BRA', -23.53, -46.62),
(273, 'Henan', 156, 'CHN', 37.9, 112.19),
(276, 'Lishui', 48, 'CHN', 28.11, 119.56),
(278, 'Bangalore', 160, 'IND', 12.98, 77.58),
(280, 'Zhongxin', 161, 'CHN', 26.97, 109.77),
(283, 'Rolla', 145, 'USA', 37.93, -91.78),
(284, 'z.... TRIAL VERSION from MYIP.MS ....', 44, 'USA', 41.88, -87.88),
(285, 'Shelby', 93, 'USA', 35.36, -81.57),
(286, 'Carbondale', 47, 'USA', 39.18, -107.23),
(287, 'Decatur', 35, 'USA', 33.69, -84.25),
(290, 'Baltimore', 57, 'USA', 39.34, -76.69),
(291, 'Kokomo', 163, 'USA', 40.44, -86.09),
(296, 'Broken Arrow', 164, 'USA', 36.06, -95.81),
(300, 'Taiyüan', 156, 'CHN', 37.73, 112.47),
(304, 'z.... TRIAL VERSION from MYIP.MS ....', 47, 'USA', 39.96, -105.17),
(312, 'Raleigh', 93, 'USA', 35.93, -78.72),
(313, 'Greenville', 72, 'USA', 34.86, -82.25),
(317, 'Saint Paul', 175, 'USA', 45.07, -93.19),
(318, 'Fort Mitchell', 176, 'USA', 32.29, -84.97),
(319, 'Akron', 129, 'USA', 41.07, -81.54),
(321, 'Zhongyuan', 178, 'CHN', 19.14, 110.48),
(327, 'Stamford', 16, 'USA', 41.08, -73.54),
(328, 'Phoenix', 181, 'USA', 33.43, -112.2),
(330, 'Viroflay', 34, 'FRA', 48.8, 2.17),
(331, 'Chengdu', 182, 'CHN', 30.67, 104.07),
(332, 'Putian', 77, 'CHN', 25.44, 119.01),
(334, 'New Palestine', 163, 'USA', 39.73, -85.89),
(336, 'Caldwell', 129, 'USA', 39.73, -81.51),
(337, 'Dundalk', 57, 'USA', 39.26, -76.5),
(340, 'Minneapolis', 175, 'USA', 45.03, -93.3),
(344, 'Brookings', 186, 'USA', 44.33, -96.81),
(348, 'Las Cruces', 132, 'USA', 32.35, -106.77),
(349, 'Mumbai', 187, 'IND', 18.98, 72.83),
(354, 'z.... TRIAL VERSION from MYIP.MS ....', 129, 'USA', 40.04, -82.96),
(362, 'Las Vegas', 192, 'USA', 36.08, -115.09),
(366, 'Fuzhou', 77, 'CHN', 26.06, 119.31),
(367, 'Hazelwood', 145, 'USA', 38.79, -90.38),
(368, 'Moncks Corner', 72, 'USA', 33.12, -80.04),
(372, 'Xian', 11, 'CHN', 40.29, 117.65),
(374, 'Bothell', 84, 'USA', 47.84, -122.2),
(376, 'Changge', 196, 'CHN', 34.22, 113.77),
(378, 'Qingdao', 94, 'CHN', 36.1, 120.37),
(379, 'Gilbert', 181, 'USA', 33.32, -111.76),
(392, 'Sioux Falls', 186, 'USA', 43.52, -96.73),
(398, 'Jinhua', 48, 'CHN', 29.11, 119.65),
(400, 'Richmond', 33, 'USA', 37.77, -84.3),
(404, 'Thana', 187, 'IND', 19.2, 72.97),
(405, 'Thiruvananthapuram', 206, 'IND', 8.51, 76.96),
(408, 'Huntsville', 176, 'USA', 34.64, -86.75),
(409, 'z.... TRIAL VERSION from MYIP.MS ....', 93, 'USA', 34.74, -76.77),
(410, 'Carter Lake', 9, 'USA', 41.29, -95.92),
(411, 'Tupelo', 148, 'USA', 34.22, -88.77),
(413, 'Menomonie', 107, 'USA', 44.85, -92),
(422, 'Weare', 215, 'USA', 43.08, -71.72),
(427, 'Amite', 76, 'USA', 30.73, -90.61),
(428, 'Norfolk', 144, 'USA', 36.89, -76.27),
(432, 'Portland', 218, 'USA', 43.69, -70.29),
(439, 'Honolulu', 220, 'USA', 21.3, -157.79),
(443, 'Overland Park', 133, 'USA', 38.92, -94.7),
(445, 'z.... TRIAL VERSION from MYIP.MS ....', 35, 'USA', 33.44, -82.05),
(452, 'Durg', 225, 'IND', 21.18, 81.28),
(456, 'Williamston', 98, 'USA', 42.68, -84.27),
(459, 'Tempe', 181, 'USA', 33.44, -111.92),
(460, 'Kennewick', 84, 'USA', 46.08, -119.09),
(463, 'Birmingham', 176, 'USA', 33.51, -86.8),
(468, 'z.... TRIAL VERSION from MYIP.MS ....', 98, 'USA', 42.5, -83.41),
(477, 'Coquille', 136, 'USA', 43.2, -124.12),
(479, 'Hefei', 236, 'CHN', 31.86, 117.28),
(480, 'Gardnerville', 192, 'USA', 38.92, -119.8),
(483, 'Changsha', 161, 'CHN', 28.18, 113.11),
(485, 'Salt Lake City', 49, 'USA', 40.71, -111.86),
(491, 'Quitman', 76, 'USA', 32.35, -92.72),
(493, 'Windsor', 16, 'USA', 41.86, -72.68),
(498, 'Paris', 34, 'FRA', 48.87, 2.33),
(503, 'Fort Wayne', 163, 'USA', 40.98, -85.12),
(505, 'Moulton', 176, 'USA', 34.46, -87.3),
(510, 'Sierra Vista', 181, 'USA', 31.59, -110.17),
(511, 'Valparaiso', 163, 'USA', 41.46, -87.14),
(518, 'Washington', 249, 'USA', 38.91, -77.08),
(527, 'Gatlinburg', 32, 'USA', 35.67, -83.46),
(530, 'Dover', 254, 'USA', 39.16, -75.49),
(533, 'Lexington', 33, 'USA', 37.99, -84.49),
(536, 'Olney', 57, 'USA', 39.15, -77.08),
(547, 'z.... TRIAL VERSION from MYIP.MS ....', 144, 'USA', 38.84, -77.47),
(548, 'Calcutta', 258, 'IND', 22.57, 88.37),
(551, 'Knoxville', 32, 'USA', 36.06, -83.91),
(556, 'z.... TRIAL VERSION from MYIP.MS ....', 176, 'USA', 32.36, -86.27),
(567, 'Nasik', 187, 'IND', 19.98, 73.8),
(578, 'New Delhi', 100, 'IND', 28.6, 77.2),
(582, 'Xian', 268, 'CHN', 34.26, 108.94),
(595, 'z.... TRIAL VERSION from MYIP.MS ....', 32, 'USA', 36.14, -86.73),
(597, 'Fraziers Bottom', 143, 'USA', 38.6, -82.03),
(599, 'Pune', 187, 'IND', 18.53, 73.87),
(601, 'Indore', 274, 'IND', 22.72, 75.83),
(622, 'Foshan', 17, 'CHN', 23.03, 113.12),
(625, 'Ahmadabad', 284, 'IND', 23.03, 72.62),
(631, 'Lawrence', 133, 'USA', 39.04, -95.21),
(640, 'z.... TRIAL VERSION from MYIP.MS ....', 84, 'USA', 47.68, -122.12),
(642, 'New Orleans', 76, 'USA', 29.96, -90.08),
(647, 'Columbia', 145, 'USA', 39.04, -92.27),
(655, 'Lucknow', 138, 'IND', 26.85, 80.92),
(660, 'Waukesha', 107, 'USA', 42.94, -88.3),
(663, 'z.... TRIAL VERSION from MYIP.MS ....', 57, 'USA', 39.34, -76.5),
(666, 'z.... TRIAL VERSION from MYIP.MS ....', 72, 'USA', 33.7, -80.44),
(667, 'Belfort', 296, 'FRA', 47.63, 6.87),
(669, 'z.... TRIAL VERSION from MYIP.MS ....', 48, 'CHN', 30, 120.58),
(678, 'z.... TRIAL VERSION from MYIP.MS ....', 181, 'USA', 34.05, -109.2),
(683, 'Bhopal', 274, 'IND', 23.27, 77.4),
(690, 'Middleton', 305, 'USA', 43.74, -116.58),
(691, 'Jaipur', 306, 'IND', 26.92, 75.82),
(692, 'Tiruchchirappalli', 128, 'IND', 10.81, 78.69),
(695, 'Lenexa', 133, 'USA', 38.95, -94.75),
(696, 'Hulun', 307, 'CHN', 49.2, 119.7),
(711, 'Strasbourg', 315, 'FRA', 48.58, 7.75),
(712, 'Pahala', 220, 'USA', 19.2, -155.5),
(718, 'Cuttack', 317, 'IND', 20.5, 85.83),
(722, 'Visakhapatnam', 85, 'IND', 17.7, 83.3),
(723, 'Pocatello', 305, 'USA', 42.91, -112.4),
(735, 'Vanceburg', 33, 'USA', 38.51, -83.41),
(737, 'z.... TRIAL VERSION from MYIP.MS ....', 145, 'USA', 39.11, -94.57),
(739, 'Bristol', 16, 'USA', 41.68, -72.94),
(748, 'Rajkot', 284, 'IND', 22.3, 70.78),
(752, 'Meerut', 138, 'IND', 28.98, 77.7),
(758, 'z.... TRIAL VERSION from MYIP.MS ....', 107, 'USA', 44.26, -88.51),
(771, 'Muzaffarnagar', 138, 'IND', 29.47, 77.68),
(776, 'Changchun', 334, 'CHN', 43.88, 125.32),
(780, 'Suri', 258, 'IND', 23.92, 87.53),
(784, 'Vijayawada', 85, 'IND', 16.52, 80.62),
(787, 'z.... TRIAL VERSION from MYIP.MS ....', 9, 'USA', 41.24, -95.79),
(788, 'Saint Cloud', 175, 'USA', 45.49, -94.23),
(796, 'z.... TRIAL VERSION from MYIP.MS ....', 187, 'IND', 19.22, 73.15),
(801, 'Madurai', 128, 'IND', 9.93, 78.12),
(803, 'Ewa Beach', 220, 'USA', 21.35, -158.02),
(811, 'Vadodara', 284, 'IND', 22.3, 73.2),
(830, 'Ranchi', 355, 'IND', 23.35, 85.33),
(834, 'z.... TRIAL VERSION from MYIP.MS ....', 16, 'USA', 41.14, -73.41),
(848, 'Chandigarh', 363, 'IND', 30.74, 76.79),
(858, 'Montrouge', 34, 'FRA', 48.82, 2.32),
(861, 'Tulsa', 164, 'USA', 36.14, -95.94),
(867, 'Newalla', 164, 'USA', 35.35, -97.2),
(871, 'z.... TRIAL VERSION from MYIP.MS ....', 138, 'IND', 28.67, 77.43),
(873, 'z.... TRIAL VERSION from MYIP.MS ....', 34, 'FRA', 48.58, 2.22),
(878, 'Ludhiana', 377, 'IND', 30.9, 75.85),
(907, 'Surat', 284, 'IND', 20.97, 72.9),
(909, 'Karimnagar', 85, 'IND', 18.43, 79.15),
(923, 'Hillsboro', 136, 'USA', 45.51, -122.94),
(930, 'Thanjavur', 128, 'IND', 10.8, 79.15),
(935, 'z.... TRIAL VERSION from MYIP.MS ....', 284, 'IND', 23.22, 72.68),
(947, 'Sète', 409, 'FRA', 43.4, 3.68),
(952, 'Kapurthala', 377, 'IND', 31.38, 75.38),
(960, 'Silchar', 416, 'IND', 24.82, 92.8),
(987, 'Bourges', 431, 'FRA', 47.08, 2.4),
(988, 'Zhengzhou', 196, 'CHN', 34.68, 113.53),
(994, 'Portland', 136, 'USA', 45.59, -122.71),
(997, 'z.... TRIAL VERSION from MYIP.MS ....', 33, 'USA', 38.22, -85.62),
(1018, 'Bhubaneswar', 317, 'IND', 20.23, 85.83),
(1044, 'Keaau', 220, 'USA', 19.58, -155.02),
(1047, 'Tours', 431, 'FRA', 47.38, 0.68),
(1060, 'Faridabad', 56, 'IND', 28.43, 77.32),
(1063, 'Jacareí', 155, 'BRA', -23.32, -45.97),
(1068, 'Celles-sur-ource', 469, 'FRA', 48.08, 4.4),
(1072, 'Trébeurden', 471, 'FRA', 48.77, -3.57),
(1088, 'Haora', 258, 'IND', 22.59, 88.31),
(1121, 'Sacy-le-grand', 116, 'FRA', 49.35, 2.55),
(1126, 'Langfang', 11, 'CHN', 39.51, 116.69),
(1142, 'z.... TRIAL VERSION from MYIP.MS ....', 136, 'USA', 44.53, -122.82),
(1157, 'Lamorlaye', 116, 'FRA', 49.15, 2.43),
(1163, 'Brewer', 218, 'USA', 44.78, -68.74),
(1174, 'z.... TRIAL VERSION from MYIP.MS ....', 128, 'IND', 11.35, 77.73),
(1197, 'Niederroedern', 315, 'FRA', 48.9, 8.05),
(1214, 'Beauvais', 116, 'FRA', 49.43, 2.08),
(1221, 'Kolkata', 258, 'IND', 22.57, 88.37),
(1242, 'Lyon', 544, 'FRA', 45.75, 4.85),
(1257, 'Henderson', 192, 'USA', 36.03, -115.07),
(1258, 'Coursan', 409, 'FRA', 43.23, 3.07),
(1275, 'Zudausques', 555, 'FRA', 50.75, 2.15),
(1279, 'Nancy', 556, 'FRA', 48.68, 6.2),
(1288, 'Piracicaba', 155, 'BRA', -22.72, -47.63),
(1291, 'Porto Alegre', 561, 'BRA', -30.03, -51.2),
(1293, 'Nogent-le-roi', 431, 'FRA', 48.65, 1.53),
(1296, 'z.... TRIAL VERSION from MYIP.MS ....', 116, 'FRA', 49.25, 3.55),
(1297, 'Grillon', 563, 'FRA', 44.4, 4.93),
(1300, 'Haryana', 56, 'IND', 29.62, 76.98),
(1345, 'Rennes', 471, 'FRA', 48.08, -1.68),
(1353, 'Cuzieu', 544, 'FRA', 45.62, 4.27),
(1361, 'Haikou', 178, 'CHN', 20.05, 110.34),
(1364, 'Tassin-la-demi-lune', 544, 'FRA', 45.77, 4.78),
(1372, 'Cuers', 563, 'FRA', 43.23, 6.07),
(1374, 'Belo Horizonte', 586, 'BRA', -19.92, -43.93),
(1376, 'Kota', 306, 'IND', 25.18, 75.83),
(1380, 'Mieussy', 544, 'FRA', 46.15, 6.53),
(1390, 'Amritsar', 377, 'IND', 31.63, 74.87),
(1393, 'Kochi', 206, 'IND', 9.97, 76.23),
(1410, 'Bauru', 155, 'BRA', -22.32, -49.07),
(1414, 'z.... TRIAL VERSION from MYIP.MS ....', 544, 'FRA', 45.77, 4.88),
(1418, 'Circle Pines', 175, 'USA', 45.17, -93.12),
(1423, 'Limoges', 598, 'FRA', 45.85, 1.25),
(1432, 'Guiyang', 600, 'CHN', 26.58, 106.72),
(1474, 'z.... TRIAL VERSION from MYIP.MS ....', 163, 'USA', 39.47, -87.4),
(1479, 'Lille', 555, 'FRA', 50.63, 3.07),
(1506, 'Martigues', 563, 'FRA', 43.4, 5.05),
(1507, 'Fleury-les-aubrais', 431, 'FRA', 47.93, 1.92),
(1523, 'Aubevoye', 635, 'FRA', 49.15, 1.33),
(1533, 'Thalassery', 206, 'IND', 11.75, 75.49),
(1545, 'z.... TRIAL VERSION from MYIP.MS ....', 155, 'BRA', -23.52, -46.83),
(1575, 'Angoulême', 649, 'FRA', 45.65, 0.15),
(1584, 'Guwahati', 416, 'IND', 26.18, 91.73),
(1611, 'Kannur', 206, 'IND', 11.87, 75.37),
(1618, 'Pauvres', 469, 'FRA', 49.42, 4.5),
(1627, 'Dubois', 667, 'USA', 43.49, -109.64),
(1641, 'Mangaluru', 160, 'IND', 12.86, 74.84),
(1659, 'Wilmington', 254, 'USA', 39.72, -75.53),
(1662, 'Beausoleil', 563, 'FRA', 43.75, 7.43),
(1663, 'Vapi', 676, 'IND', 20.37, 72.9),
(1686, 'Bruguières', 112, 'FRA', 43.73, 1.42),
(1687, 'Olive Branch', 148, 'USA', 34.92, -89.82),
(1713, 'Wheeling', 143, 'USA', 40.06, -80.64),
(1720, 'z.... TRIAL VERSION from MYIP.MS ....', 431, 'FRA', 47.03, 2.92),
(1758, 'Joinville', 78, 'BRA', -26.3, -48.83),
(1760, 'Raymond', 215, 'USA', 43.03, -71.2),
(1761, 'Altamira', 701, 'BRA', -3.2, -52.2),
(1763, 'Nashua', 215, 'USA', 42.73, -71.46),
(1770, 'Valady', 112, 'FRA', 44.45, 2.43),
(1778, 'Taizhou', 12, 'CHN', 32.49, 119.91),
(1785, 'z.... TRIAL VERSION from MYIP.MS ....', 85, 'IND', 13.2, 79.12),
(1786, 'Lisieux', 708, 'FRA', 49.15, 0.23),
(1789, 'Hampstead', 215, 'USA', 42.88, -71.17),
(1808, 'z.... TRIAL VERSION from MYIP.MS ....', 175, 'USA', 44.93, -93.42),
(1822, 'Sigean', 409, 'FRA', 43.03, 2.98),
(1851, 'Rio De Janeiro', 37, 'BRA', -22.9, -43.23),
(1856, 'Patna', 728, 'IND', 25.6, 85.12),
(1857, 'Laruscade', 729, 'FRA', 45.12, -0.33),
(1867, 'Niterói', 37, 'BRA', -22.88, -43.09),
(1899, 'São Leopoldo', 561, 'BRA', -29.77, -51.15),
(1902, 'Biddeford', 218, 'USA', 43.5, -70.49),
(1906, 'Balma', 112, 'FRA', 43.62, 1.5),
(1908, 'Le Recoux', 409, 'FRA', 44.33, 3.15),
(1917, 'Dewas', 274, 'IND', 22.97, 76.07),
(1939, 'La Chapelle', 469, 'FRA', 48.33, 4.05),
(1962, 'z.... TRIAL VERSION from MYIP.MS ....', 112, 'FRA', 42.87, 1.2),
(1976, 'Fernley', 192, 'USA', 39.67, -119.07),
(1982, 'Camps', 598, 'FRA', 44.98, 2),
(1996, 'z.... TRIAL VERSION from MYIP.MS ....', 563, 'FRA', 43.3, 5.4),
(2003, 'Delhi Paharganj', 100, 'IND', 28.62, 77.22),
(2007, 'Lambersart', 555, 'FRA', 50.65, 3.03),
(2022, 'Dole', 296, 'FRA', 47.1, 5.5),
(2023, 'z.... TRIAL VERSION from MYIP.MS ....', 133, 'USA', 37.69, -97.5),
(2026, 'Irati', 773, 'BRA', -25.48, -50.65),
(2058, 'z.... TRIAL VERSION from MYIP.MS ....', 192, 'USA', 36.22, -115.17),
(2067, 'Arras', 555, 'FRA', 50.28, 2.78),
(2103, 'Brive-la-gaillarde', 598, 'FRA', 45.15, 1.53),
(2126, 'z.... TRIAL VERSION from MYIP.MS ....', 555, 'FRA', 51.05, 2.37),
(2133, 'Servilly', 798, 'FRA', 46.28, 3.6),
(2150, 'z.... TRIAL VERSION from MYIP.MS ....', 76, 'USA', 30.23, -93.2),
(2165, 'z.... TRIAL VERSION from MYIP.MS ....', 220, 'USA', 21.41, -158.02),
(2182, 'Baltic', 186, 'USA', 43.74, -96.76),
(2188, 'Olinda', 808, 'BRA', -8.02, -34.85),
(2194, 'Yellapur', 160, 'IND', 14.97, 74.72),
(2202, 'z.... TRIAL VERSION from MYIP.MS ....', 215, 'USA', 43.43, -70.98),
(2209, 'Berwick', 218, 'USA', 43.3, -70.84),
(2221, 'Norman', 164, 'USA', 35.25, -97.46),
(2224, 'z.... TRIAL VERSION from MYIP.MS ....', 164, 'USA', 35.71, -97.43),
(2235, 'Metzeral', 315, 'FRA', 48.02, 7.07),
(2240, 'Claymont', 254, 'USA', 39.8, -75.46),
(2274, 'Angers', 822, 'FRA', 47.47, -0.55),
(2285, 'Sandpoint', 305, 'USA', 48.34, -116.45),
(2290, 'Uberlândia', 586, 'BRA', -18.92, -48.3),
(2321, 'z.... TRIAL VERSION from MYIP.MS ....', 218, 'USA', 44.3, -70.37),
(2328, 'z.... TRIAL VERSION from MYIP.MS ....', 206, 'IND', 10.11, 76.36),
(2338, 'Boise', 305, 'USA', 43.55, -116.29),
(2372, 'Manaus', 838, 'BRA', -3.11, -60.03),
(2374, 'Sonipat', 56, 'IND', 28.98, 77.02),
(2385, 'Laramie', 667, 'USA', 41.43, -105.52),
(2395, 'Besançon', 296, 'FRA', 47.25, 6.03),
(2400, 'Brasília', 842, 'BRA', -15.78, -47.92),
(2456, 'São José', 78, 'BRA', -27.63, -48.65),
(2526, 'Jackson', 148, 'USA', 32.33, -90.2),
(2568, 'Santa Fe', 132, 'USA', 35.68, -105.96),
(2572, 'z.... TRIAL VERSION from MYIP.MS ....', 409, 'FRA', 43.37, 3.15),
(2604, 'z.... TRIAL VERSION from MYIP.MS ....', 305, 'USA', 43.44, -116.32),
(2643, 'z.... TRIAL VERSION from MYIP.MS ....', 148, 'USA', 30.42, -88.65),
(2681, 'Rezonville', 556, 'FRA', 49.1, 6),
(2725, 'Ogden', 49, 'USA', 41.22, -111.97),
(2741, 'Fleet Post Office', 28, 'USA', 57, -100),
(2766, 'Orem', 49, 'USA', 40.29, -111.72),
(2864, 'Jandun', 469, 'FRA', 49.65, 4.55),
(2882, 'z.... TRIAL VERSION from MYIP.MS ....', 132, 'USA', 32.68, -108.51),
(2908, 'Blumenau', 78, 'BRA', -26.93, -49.05),
(2973, 'Bismarck', 924, 'USA', 46.82, -100.71),
(2990, 'Prigonrieux', 729, 'FRA', 44.85, 0.4),
(3024, 'Bédée', 471, 'FRA', 48.18, -1.95),
(3029, 'Clermont-ferrand', 798, 'FRA', 45.78, 3.08),
(3045, 'Lincoln', 140, 'USA', 40.83, -96.67),
(3057, 'Woonsocket', 186, 'USA', 44.05, -98.3),
(3071, 'Guérande', 822, 'FRA', 47.33, -2.43),
(3073, 'Curitiba', 773, 'BRA', -25.42, -49.25),
(3079, 'Recife', 808, 'BRA', -8.05, -34.9),
(3082, 'Auxerre', 937, 'FRA', 47.8, 3.57),
(3093, 'Jaboatão', 808, 'BRA', -8.12, -35.02),
(3104, 'Omaha', 140, 'USA', 41.29, -96.17),
(3107, 'Cariacica', 80, 'BRA', -20.27, -40.42),
(3122, 'Anshan', 52, 'CHN', 41.12, 122.99),
(3138, 'z.... TRIAL VERSION from MYIP.MS ....', 49, 'USA', 41.69, -111.81),
(3145, 'Metz', 556, 'FRA', 49.13, 6.17),
(3162, 'Belém', 701, 'BRA', -1.45, -48.48),
(3202, 'Zaozhuang', 94, 'CHN', 34.86, 117.55),
(3239, 'Kalispell', 73, 'USA', 48.2, -114.39),
(3253, 'Beatrice', 140, 'USA', 40.26, -96.71),
(3260, 'z.... TRIAL VERSION from MYIP.MS ....', 140, 'USA', 40.87, -97.6),
(3275, 'Jackson', 667, 'USA', 43.46, -110.51),
(3281, 'Ferrisburg', 959, 'USA', 44.21, -73.22),
(3324, 'Scott Depot', 143, 'USA', 38.45, -81.89),
(3344, 'z.... TRIAL VERSION from MYIP.MS ....', 143, 'USA', 39.31, -78.05),
(3366, 'z.... TRIAL VERSION from MYIP.MS ....', 258, 'IND', 23.48, 87.32),
(3397, 'Westerly', 151, 'USA', 41.36, -71.8),
(3400, 'Goiânia', 970, 'BRA', -16.67, -49.27),
(3416, 'Jalandhar', 377, 'IND', 31.33, 75.58),
(3464, 'z.... TRIAL VERSION from MYIP.MS ....', 377, 'IND', 31.19, 75.99),
(3514, 'Mulhouse', 315, 'FRA', 47.75, 7.33),
(3552, 'z.... TRIAL VERSION from MYIP.MS ....', 17, 'CHN', 23.08, 114.4),
(3568, 'Jilin', 334, 'CHN', 43.85, 126.56),
(3620, 'Valdoie', 296, 'FRA', 47.67, 6.85),
(3660, 'z.... TRIAL VERSION from MYIP.MS ....', 315, 'FRA', 48.77, 7.98),
(3668, 'Shimla', 1008, 'IND', 31.1, 77.17),
(3682, 'Nagar', 306, 'IND', 27.43, 77.1),
(3685, 'Aracaju', 1011, 'BRA', -10.92, -37.07),
(3703, 'z.... TRIAL VERSION from MYIP.MS ....', 56, 'IND', 28.18, 76.62),
(3778, 'Itaboraí', 37, 'BRA', -22.75, -42.87),
(3792, 'Guipavas', 471, 'FRA', 48.43, -4.4),
(3873, 'z.... TRIAL VERSION from MYIP.MS ....', 471, 'FRA', 48.57, 2.3),
(3893, 'Daman', 676, 'IND', 20.42, 72.85),
(3897, 'Camden Wyoming', 254, 'USA', 39.08, -75.61),
(3991, 'Nantes', 822, 'FRA', 47.22, -1.55),
(4008, 'Eagle River', 1061, 'USA', 61.21, -149.26),
(4017, 'Montreuil-bellay', 822, 'FRA', 47.13, -0.15),
(4042, 'z.... TRIAL VERSION from MYIP.MS ....', 822, 'FRA', 48, 0.2),
(4046, 'Juziers', 635, 'FRA', 49, 1.85),
(4071, 'Flers', 708, 'FRA', 48.75, -0.57),
(4087, 'Raipur', 225, 'IND', 21.23, 81.63),
(4103, 'Viamão', 561, 'BRA', -30.08, -51.03),
(4116, 'Saint-pierre-du-palais', 649, 'FRA', 45.17, -0.15),
(4158, 'Chalon-sur-saône', 937, 'FRA', 46.78, 4.85),
(4166, 'Hebei', 6, 'CHN', 39.82, 115.94),
(4219, 'Woonsocket', 151, 'USA', 42, -71.49),
(4274, 'Rouen', 635, 'FRA', 49.43, 1.08),
(4282, 'Gillette', 667, 'USA', 43.9, -105.55),
(4290, 'Rai', 708, 'FRA', 48.75, 0.58),
(4324, 'Ponta Porã', 1102, 'BRA', -22.53, -55.72),
(4331, 'Bellême', 708, 'FRA', 48.37, 0.57),
(4365, 'z.... TRIAL VERSION from MYIP.MS ....', 667, 'USA', 42.65, -105.87),
(4370, 'Le Havre', 635, 'FRA', 49.5, 0.13),
(4384, 'Beawar', 306, 'IND', 26.1, 74.32),
(4388, 'z.... TRIAL VERSION from MYIP.MS ....', 296, 'FRA', 46.9, 6.37),
(4435, 'Hombourg-haut', 556, 'FRA', 49.13, 6.77),
(4446, 'Dijon', 937, 'FRA', 47.32, 5.02),
(4490, 'Lamarche-sur-saône', 937, 'FRA', 47.27, 5.38),
(4533, 'Gulbarga', 160, 'IND', 17.33, 76.83),
(4573, 'z.... TRIAL VERSION from MYIP.MS ....', 469, 'FRA', 48.3, 4.05),
(4670, 'z.... TRIAL VERSION from MYIP.MS ....', 306, 'IND', 26.29, 73.03),
(4674, 'Lajeado', 561, 'BRA', -29.45, -51.97),
(4717, 'Livingston', 73, 'USA', 45.71, -110.54),
(4777, 'z.... TRIAL VERSION from MYIP.MS ....', 937, 'FRA', 47.32, 5.12),
(4795, 'Seward', 1061, 'USA', 60.06, -149.34),
(4810, 'Providence', 151, 'USA', 41.83, -71.4),
(4820, 'Caruaru', 808, 'BRA', -8.28, -35.97),
(4823, 'z.... TRIAL VERSION from MYIP.MS ....', 160, 'IND', 14.85, 74.43),
(4827, 'Castelo', 80, 'BRA', -20.6, -41.2),
(4833, 'z.... TRIAL VERSION from MYIP.MS ....', 151, 'USA', 41.96, -71.43),
(4861, 'z.... TRIAL VERSION from MYIP.MS ....', 254, 'USA', 39.48, -75.67),
(4894, 'Ychoux', 729, 'FRA', 44.33, -0.95),
(4912, 'Marsac', 729, 'FRA', 45.05, -0.68),
(4958, 'Juneau', 1061, 'USA', 58.58, -134.77),
(4977, 'Paranoá', 842, 'BRA', -15.83, -47.82),
(4978, 'Perpezac-le-noir', 598, 'FRA', 45.32, 1.55),
(4992, 'z.... TRIAL VERSION from MYIP.MS ....', 186, 'USA', 42.94, -97.44),
(5012, 'Issoire', 798, 'FRA', 45.55, 3.25),
(5015, 'z.... TRIAL VERSION from MYIP.MS ....', 635, 'FRA', 49.52, 0.55),
(5119, 'Thouars', 649, 'FRA', 46.97, -0.22),
(5152, 'Kunming', 1178, 'CHN', 25.04, 102.72),
(5273, 'Beihai', 90, 'CHN', 21.48, 109.1),
(5436, 'Fairbanks', 1061, 'USA', 64.82, -147.72),
(5483, 'Saint-julien-l''ars', 649, 'FRA', 46.55, 0.5),
(5496, 'Wuxi', 12, 'CHN', 31.58, 120.29),
(5509, 'z.... TRIAL VERSION from MYIP.MS ....', 649, 'FRA', 45.75, -0.63),
(5510, 'Dehra Dun', 1200, 'IND', 30.32, 78.03),
(5537, 'Shillong', 1203, 'IND', 25.58, 91.87),
(5602, 'Chambre', 798, 'FRA', 45.2, 2.37),
(5607, 'z.... TRIAL VERSION from MYIP.MS ....', 1061, 'USA', 61.08, -149.71),
(5644, 'z.... TRIAL VERSION from MYIP.MS ....', 729, 'FRA', 43.48, -1.48),
(5713, 'Cachoeiro De Itapemirim', 80, 'BRA', -20.85, -41.1),
(5753, 'z.... TRIAL VERSION from MYIP.MS ....', 556, 'FRA', 48.38, 5.48),
(5793, 'z.... TRIAL VERSION from MYIP.MS ....', 37, 'BRA', -22.51, -43.18),
(5809, 'Nanchang', 1231, 'CHN', 28.55, 115.93),
(5936, 'Londrina', 773, 'BRA', -23.3, -51.15),
(6013, 'Lyndonville', 959, 'USA', 44.53, -72.05),
(6119, 'z.... TRIAL VERSION from MYIP.MS ....', 708, 'FRA', 49.18, -0.35),
(6122, 'Sibsagar', 416, 'IND', 26.98, 94.63),
(6239, 'z.... TRIAL VERSION from MYIP.MS ....', 561, 'BRA', -29.03, -51.18),
(6246, 'Barre', 959, 'USA', 44.18, -72.47),
(6263, 'z.... TRIAL VERSION from MYIP.MS ....', 73, 'USA', 46.38, -112.72),
(6325, 'Natal', 1269, 'BRA', -5.78, -35.22),
(6409, 'Kumar', 1008, 'IND', 33.03, 76.45),
(6537, 'Contagem', 586, 'BRA', -19.92, -44.1),
(6720, 'z.... TRIAL VERSION from MYIP.MS ....', 798, 'FRA', 46.38, 3.77),
(6724, 'Cajàzeiras', 1293, 'BRA', -6.9, -38.57),
(6740, 'z.... TRIAL VERSION from MYIP.MS ....', 78, 'BRA', -26.88, -48.65),
(6780, 'Simões', 1297, 'BRA', -7.6, -40.82),
(6781, 'Qinghai', 600, 'CHN', 25.81, 106.07),
(6821, 'z.... TRIAL VERSION from MYIP.MS ....', 12, 'CHN', 31.38, 120.95),
(6868, 'Shangdi', 77, 'CHN', 26.13, 117.98),
(6906, 'Devils Lake', 924, 'USA', 48.14, -98.89),
(6988, 'Lanzhou', 1310, 'CHN', 36.06, 103.79),
(7006, 'Jatni', 317, 'IND', 20.17, 85.7),
(7024, 'Kundan', 1312, 'IND', 33.8, 74.26),
(7055, 'Hubei', 1231, 'CHN', 26.89, 114.53),
(7105, 'Jamshedpur', 355, 'IND', 22.8, 86.18),
(7235, 'Teresina', 1297, 'BRA', -5.08, -42.82),
(7245, 'z.... TRIAL VERSION from MYIP.MS ....', 808, 'BRA', -7.83, -34.9),
(7251, 'Colva', 1334, 'IND', 15.27, 73.92),
(7311, 'São Luís', 1335, 'BRA', -2.52, -44.27),
(7349, 'Itabira', 586, 'BRA', -19.62, -43.22),
(7496, 'Shelburne', 959, 'USA', 44.4, -73.21),
(7604, 'z.... TRIAL VERSION from MYIP.MS ....', 598, 'FRA', 45.9, 1.32),
(7688, 'West Fargo', 924, 'USA', 46.89, -96.93),
(7720, 'Fargo', 924, 'USA', 46.93, -96.83),
(7747, 'União Da Victoria', 773, 'BRA', -26.22, -51.08),
(7790, 'z.... TRIAL VERSION from MYIP.MS ....', 773, 'BRA', -25.87, -49.37),
(7907, 'z.... TRIAL VERSION from MYIP.MS ....', 959, 'USA', 44.49, -73.23),
(7915, 'z.... TRIAL VERSION from MYIP.MS ....', 586, 'BRA', -19.58, -46.92),
(8089, 'Pôrto Seguro', 121, 'BRA', -16.43, -39.08),
(8200, 'Barpeta', 416, 'IND', 26.32, 91),
(8304, 'Solon', 1008, 'IND', 30.92, 77.12),
(8479, 'Haldwani', 1200, 'IND', 29.22, 79.52),
(8747, 'Campina Grande', 1293, 'BRA', -7.22, -35.88),
(8828, 'João Pessoa', 1293, 'BRA', -7.12, -34.87),
(8881, 'Campo Grande', 1102, 'BRA', -20.45, -54.62),
(8953, 'z.... TRIAL VERSION from MYIP.MS ....', 924, 'USA', 48.14, -101.34),
(9077, 'Jiaozuo', 196, 'CHN', 35.24, 113.23),
(9299, 'Tongzhou', 6, 'CHN', 39.91, 116.6),
(9322, 'Udhampur', 1312, 'IND', 32.93, 75.13),
(9351, 'z.... TRIAL VERSION from MYIP.MS ....', 52, 'CHN', 38.91, 121.6),
(9417, 'Panaji', 1334, 'IND', 15.48, 73.83),
(9446, 'Muzaffarpur', 728, 'IND', 26.12, 85.4),
(9548, 'Rondonópolis', 1457, 'BRA', -16.47, -54.63),
(9981, 'z.... TRIAL VERSION from MYIP.MS ....', 80, 'BRA', -19.82, -40.27),
(10162, 'Ajaccio', 1483, 'FRA', 41.92, 8.73),
(10196, 'Itanagar', 1334, 'IND', 27.1, 93.62),
(10354, 'Begusarai', 728, 'IND', 25.42, 86.13),
(10358, 'Jaypur', 317, 'IND', 18.85, 82.58),
(10739, 'Crato', 46, 'BRA', -7.23, -39.38),
(10936, 'Guarabira', 1293, 'BRA', -6.85, -35.48),
(11046, 'Biguglia', 1483, 'FRA', 42.62, 9.42),
(11180, 'Tabuleiro Do Norte', 46, 'BRA', -5.25, -38.12),
(11414, 'z.... TRIAL VERSION from MYIP.MS ....', 94, 'CHN', 36.79, 118.06),
(12462, 'Jiujiang', 1231, 'CHN', 29.62, 115.88),
(12661, 'Madgaon', 1334, 'IND', 15.3, 73.95),
(12805, 'Maceió', 1568, 'BRA', -9.67, -35.72),
(13251, 'z.... TRIAL VERSION from MYIP.MS ....', 317, 'IND', 22.2, 84.88),
(13310, 'Bhilai', 225, 'IND', 21.22, 81.43),
(13326, 'Rishikesh', 1200, 'IND', 30.12, 78.32),
(13333, 'Haridwar', 1200, 'IND', 29.97, 78.17),
(13413, 'Murici', 1568, 'BRA', -9.32, -35.93),
(13597, 'Pondicherry', 1596, 'IND', 11.93, 79.83),
(13652, 'Anápolis', 970, 'BRA', -16.33, -48.97),
(13669, 'Lichuan', 99, 'CHN', 30.3, 108.85),
(13687, 'Juazeiro Do Norte', 46, 'BRA', -7.2, -39.33),
(13749, 'Furiani', 1483, 'FRA', 42.65, 9.42),
(13880, 'Macau', 1269, 'BRA', -5.12, -36.63),
(13884, 'Xianyang', 268, 'CHN', 34.34, 108.71),
(14005, 'Hunyuan', 156, 'CHN', 39.7, 113.68),
(14207, 'z.... TRIAL VERSION from MYIP.MS ....', 1200, 'IND', 29.22, 78.95),
(14628, 'Speloncato', 1483, 'FRA', 42.57, 8.97),
(15367, 'Imphal', 1654, 'IND', 24.82, 93.95),
(15812, 'Jammu', 1312, 'IND', 32.73, 74.87),
(15961, 'Salvador', 1673, 'BRA', -10.17, -48.87),
(16094, 'Ananindeua', 701, 'BRA', -1.37, -48.38),
(16160, 'z.... TRIAL VERSION from MYIP.MS ....', 1334, 'IND', 15.4, 73.83),
(16190, 'Fengtai', 6, 'CHN', 39.85, 116.27),
(16259, 'Hengyang', 161, 'CHN', 26.89, 112.61),
(16264, 'Ujjain', 274, 'IND', 23.18, 75.77),
(16275, 'Dhanbad', 355, 'IND', 23.8, 86.45),
(16378, 'Itabuna', 121, 'BRA', -14.8, -39.27),
(17611, 'Nossa Senhora Do Socorro', 1011, 'BRA', -10.87, -37.12),
(17737, 'Bonfim', 1714, 'BRA', 3.08, -59.95),
(17979, 'Yalongwan', 178, 'CHN', 18.23, 109.7),
(18098, 'Luziânia', 970, 'BRA', -16.25, -47.93),
(18197, 'Ji-paraná', 1723, 'BRA', -10.83, -61.97),
(18404, 'z.... TRIAL VERSION from MYIP.MS ....', 274, 'IND', 26.22, 78.18),
(18582, 'z.... TRIAL VERSION from MYIP.MS ....', 77, 'CHN', 24.91, 118.59),
(18611, 'Bokaro', 355, 'IND', 23.78, 85.97),
(18695, 'Liaohe', 307, 'CHN', 43.73, 122.3),
(18796, 'Lhasa', 1736, 'CHN', 29.65, 91.1),
(18798, 'z.... TRIAL VERSION from MYIP.MS ....', 355, 'IND', 23.98, 85.35),
(18997, 'Yuzhou', 196, 'CHN', 34.16, 113.46),
(19012, 'Yinchuan', 1741, 'CHN', 38.47, 106.27),
(19021, 'Tongji', 182, 'CHN', 31.18, 103.5),
(19030, 'Jingzhou', 99, 'CHN', 30.35, 112.19),
(19032, 'Camaçari', 121, 'BRA', -12.48, -38.22),
(19039, 'Enshi', 99, 'CHN', 30.3, 109.48),
(19061, 'Kaitai', 600, 'CHN', 26.23, 109.13),
(19239, 'Ürümqi', 1751, 'CHN', 43.8, 87.58),
(19258, 'z.... TRIAL VERSION from MYIP.MS ....', 1293, 'BRA', -7.13, -34.93),
(19263, 'Delhi Sabzimandi', 100, 'IND', 28.68, 77.2),
(19269, 'Huangzhong', 1753, 'CHN', 36.5, 101.6),
(19498, 'Liaoyüan', 334, 'CHN', 43.51, 123.51),
(19523, 'Yünnan', 1178, 'CHN', 25.48, 100.58),
(19552, 'Brazlândia', 842, 'BRA', -15.68, -48.2),
(19663, 'z.... TRIAL VERSION from MYIP.MS ....', 99, 'CHN', 30.4, 114.83),
(19898, 'z.... TRIAL VERSION from MYIP.MS ....', 6, 'CHN', 39.98, 116.3),
(19925, 'z.... TRIAL VERSION from MYIP.MS ....', 100, 'IND', 28.57, 77.1),
(19935, 'z.... TRIAL VERSION from MYIP.MS ....', 196, 'CHN', 33.87, 113.07),
(19955, 'Samastipur', 728, 'IND', 25.85, 85.78),
(20013, 'Fortaleza', 1673, 'BRA', -5.98, -48.13),
(20245, 'Baotou', 178, 'CHN', 18.33, 109.53),
(20337, 'Nanping', 97, 'CHN', 29.09, 106.99),
(20370, 'Jiahe', 161, 'CHN', 25.55, 112.25),
(20435, 'Ning', 1310, 'CHN', 35.5, 107.92),
(20477, 'z.... TRIAL VERSION from MYIP.MS ....', 161, 'CHN', 26.23, 112.95),
(20537, 'Mandi', 1008, 'IND', 31.72, 76.92),
(20612, 'z.... TRIAL VERSION from MYIP.MS ....', 1483, 'FRA', 42.57, 8.75),
(20756, 'Mudanjiang', 123, 'CHN', 44.58, 129.6),
(20908, 'Chüan', 90, 'CHN', 25.95, 111.07),
(20937, 'Baodi', 64, 'CHN', 39.72, 117.3),
(21166, 'Aizawl', 1791, 'IND', 23.72, 92.72),
(21220, 'Srinagar', 1312, 'IND', 34.09, 74.8),
(21470, 'Kashi', 1751, 'CHN', 39.45, 75.98),
(21536, 'Japoatã', 1011, 'BRA', -10.33, -36.8),
(21544, 'Itumbiara', 970, 'BRA', -18.42, -49.22),
(21578, 'Youyi', 123, 'CHN', 46.78, 131.81),
(21700, 'Mianyang', 182, 'CHN', 31.47, 104.77),
(21729, 'Longnan', 1231, 'CHN', 24.9, 114.78),
(22001, 'z.... TRIAL VERSION from MYIP.MS ....', 46, 'BRA', -3.88, -40.38),
(22243, 'Shannan', 268, 'CHN', 33.53, 110.87),
(22740, 'São Bernardo', 1335, 'BRA', -3.37, -42.4),
(22772, 'Fenghua', 334, 'CHN', 43.3, 124.33),
(22793, 'Yongkang', 156, 'CHN', 37.63, 112.59),
(23177, 'z.... TRIAL VERSION from MYIP.MS ....', 1008, 'IND', 31.24, 77.04),
(23243, 'Tianheng', 90, 'CHN', 22.49, 110.04),
(23407, 'z.... TRIAL VERSION from MYIP.MS ....', 156, 'CHN', 37.1, 112.9),
(23661, 'z.... TRIAL VERSION from MYIP.MS ....', 90, 'CHN', 24.31, 109.39),
(23889, 'Wuwei', 1310, 'CHN', 37.93, 102.64),
(24182, 'Palmas', 1673, 'BRA', -10.22, -48.28),
(24330, 'z.... TRIAL VERSION from MYIP.MS ....', 1231, 'CHN', 27.8, 114.93),
(24394, 'z.... TRIAL VERSION from MYIP.MS ....', 121, 'BRA', -12.75, -38.17),
(24533, 'Baoding', 11, 'CHN', 38.85, 115.49),
(24777, 'Tefé', 838, 'BRA', -3.37, -64.7),
(24811, 'z.... TRIAL VERSION from MYIP.MS ....', 11, 'CHN', 38.32, 116.87),
(24819, 'Xiangshan', 182, 'CHN', 31.04, 105.19),
(25071, 'Haiyan', 1753, 'CHN', 36.89, 101),
(25097, 'Nova Olímpia', 1457, 'BRA', -14.82, -57.33),
(25359, 'Silvassa', 1846, 'IND', 20.27, 73.02),
(25466, 'Lasa', 1736, 'CHN', 29.65, 91.1),
(25620, 'z.... TRIAL VERSION from MYIP.MS ....', 970, 'BRA', -17.88, -51.72),
(25778, 'Huhehot', 307, 'CHN', 40.81, 111.65),
(25784, 'Karaikal', 1596, 'IND', 10.92, 79.83),
(25786, 'Korba', 225, 'IND', 22.35, 82.68),
(26150, 'Santo Antônio', 1269, 'BRA', -6.3, -35.45),
(26247, 'z.... TRIAL VERSION from MYIP.MS ....', 334, 'CHN', 43.92, 126.94),
(26490, 'z.... TRIAL VERSION from MYIP.MS ....', 182, 'CHN', 31.04, 105.98),
(26530, 'Shizuishan', 1741, 'CHN', 39.04, 106.4),
(26916, 'Xining', 1753, 'CHN', 36.62, 101.77),
(26930, 'Xinyuan', 1751, 'CHN', 43.45, 83.15),
(26936, 'Fengxiang', 268, 'CHN', 34.52, 107.39),
(28156, 'Hong', 1874, 'IND', 27.57, 93.85),
(28491, 'z.... TRIAL VERSION from MYIP.MS ....', 268, 'CHN', 34.65, 109.95),
(28562, 'Gannan', 123, 'CHN', 47.91, 123.5),
(28975, 'z.... TRIAL VERSION from MYIP.MS ....', 123, 'CHN', 50.25, 125.47),
(29140, 'Dong', 1178, 'CHN', 28.5, 98.87),
(29678, 'Santa Isabel Do Pará', 701, 'BRA', -1.27, -48.18),
(29753, 'z.... TRIAL VERSION from MYIP.MS ....', 416, 'IND', 26.33, 90.67),
(29818, 'Cuiabá', 1457, 'BRA', -15.58, -56.08),
(30109, 'z.... TRIAL VERSION from MYIP.MS ....', 728, 'IND', 25.25, 87),
(30346, 'z.... TRIAL VERSION from MYIP.MS ....', 701, 'BRA', -1.88, -48.77),
(30811, 'Jiayuguan', 1310, 'CHN', 39.82, 98.3),
(30820, 'z.... TRIAL VERSION from MYIP.MS ....', 1310, 'CHN', 35.54, 106.69),
(31103, 'Parnaíba', 1297, 'BRA', -2.91, -41.77),
(32167, 'Pudong', 62, 'CHN', 31.24, 121.5),
(32668, 'Agartala', 1918, 'IND', 23.84, 91.28),
(33109, 'São José De Ribamar', 1335, 'BRA', -2.55, -44.05),
(33134, 'z.... TRIAL VERSION from MYIP.MS ....', 178, 'CHN', 18.79, 109.77),
(33154, 'Ceilândia', 842, 'BRA', -15.82, -48.12),
(34046, 'Marechal Deodoro', 1568, 'BRA', -9.72, -35.9),
(34232, 'Kaiyuan', 1178, 'CHN', 23.71, 103.25),
(34757, 'Taiping', 97, 'CHN', 29.9, 106.04),
(35007, 'Eldorado', 1102, 'BRA', -23.78, -54.32),
(35293, 'Wuma', 600, 'CHN', 27.64, 106.25),
(35792, 'Pôrto Velho', 1723, 'BRA', -8.77, -63.9),
(37024, 'Jing', 1751, 'CHN', 44.65, 82.83),
(37198, 'Daan', 97, 'CHN', 29.38, 106.01),
(37384, 'z.... TRIAL VERSION from MYIP.MS ....', 1178, 'CHN', 25.33, 103.63),
(37496, 'z.... TRIAL VERSION from MYIP.MS ....', 600, 'CHN', 26, 105.08),
(37696, 'z.... TRIAL VERSION from MYIP.MS ....', 97, 'CHN', 29.57, 106),
(41443, 'Huochezhan', 1741, 'CHN', 38.96, 106.47),
(41456, 'Zhangpu', 236, 'CHN', 32.76, 118.79),
(41598, 'z.... TRIAL VERSION from MYIP.MS ....', 1751, 'CHN', 43.88, 81.25),
(41651, 'Shou', 236, 'CHN', 32.57, 116.77),
(41664, 'Xiangyang', 236, 'CHN', 29.93, 117.94),
(41683, 'z.... TRIAL VERSION from MYIP.MS ....', 236, 'CHN', 32.9, 115.82),
(41822, 'Kecheng', 1753, 'CHN', 37.08, 97.69),
(41856, 'Lang', 1736, 'CHN', 29.05, 93.2),
(41872, 'Putuo', 62, 'CHN', 31.24, 121.42),
(41885, 'Yuan', 62, 'CHN', 31.53, 121.84),
(41907, 'Jianming', 64, 'CHN', 39, 117.31),
(41916, 'z.... TRIAL VERSION from MYIP.MS ....', 1753, 'CHN', 35.75, 100.25),
(47012, 'Tanggu', 64, 'CHN', 39.02, 117.65),
(62738, 'z.... TRIAL VERSION from MYIP.MS ....', 225, 'IND', 22.08, 82.15),
(62773, 'Tongliao', 307, 'CHN', 43.61, 122.27),
(62786, 'Huibei', 1741, 'CHN', 38.98, 106.65),
(62903, 'z.... TRIAL VERSION from MYIP.MS ....', 307, 'CHN', 40.81, 111.65),
(63008, 'z.... TRIAL VERSION from MYIP.MS ....', 1312, 'IND', 32.98, 74.86),
(63095, 'Nima', 1736, 'CHN', 31.92, 87.88),
(63097, 'z.... TRIAL VERSION from MYIP.MS ....', 1736, 'CHN', 29.38, 85.37),
(63186, 'z.... TRIAL VERSION from MYIP.MS ....', 1741, 'CHN', 39.04, 106.4),
(63323, 'Lagarto', 1011, 'BRA', -10.9, -37.68),
(63341, 'Rio Verde De Mato Grosso', 1102, 'BRA', -18.93, -54.87),
(64419, 'z.... TRIAL VERSION from MYIP.MS ....', 842, 'BRA', -15.83, -47.9),
(64681, 'São Miguel Dos Campos', 1568, 'BRA', -9.78, -36.08),
(66383, 'São Paulo', 2113, 'BRA', -23.53, -46.62),
(66490, 'Mercês', 2116, 'BRA', -9.52, -68.7),
(66621, 'Cacoal', 1723, 'BRA', -11.5, -61.42),
(66622, 'Rio Branco', 2116, 'BRA', -9.97, -67.8),
(66623, 'Ariquemes', 1723, 'BRA', -9.93, -63.07),
(66654, 'Imperatriz', 1335, 'BRA', -5.53, -47.48),
(66664, 'z.... TRIAL VERSION from MYIP.MS ....', 1102, 'BRA', -21.87, -56.53),
(66696, 'Barra Do Garças', 1457, 'BRA', -15.88, -52.25),
(66701, 'Mossoró', 1269, 'BRA', -5.19, -37.34),
(66702, 'Macapá', 2113, 'BRA', 0.03, -51.05),
(66706, 'z.... TRIAL VERSION from MYIP.MS ....', 1723, 'BRA', -12.31, -60.64),
(66713, 'Pádua', 838, 'BRA', -7.33, -62.92),
(66723, 'z.... TRIAL VERSION from MYIP.MS ....', 1335, 'BRA', -7.52, -46.03),
(66726, 'Caracaraí', 1714, 'BRA', 1.83, -61.13),
(66727, 'Boa Vista', 1714, 'BRA', 2.82, -60.67),
(66739, 'Araguaína', 1673, 'BRA', -7.16, -48.06),
(66740, 'z.... TRIAL VERSION from MYIP.MS ....', 1673, 'BRA', -11.72, -49.01),
(66741, 'Cocal', 1297, 'BRA', -3.47, -41.57),
(66752, 'Júlia', 838, 'BRA', -1.62, -67.98),
(66772, 'z.... TRIAL VERSION from MYIP.MS ....', 1457, 'BRA', -15.65, -56.13),
(66807, 'z.... TRIAL VERSION from MYIP.MS ....', 1011, 'BRA', -10.8, -37.17),
(66826, 'z.... TRIAL VERSION from MYIP.MS ....', 1269, 'BRA', -5.6, -35.62),
(66854, 'z.... TRIAL VERSION from MYIP.MS ....', 1568, 'BRA', -10.28, -36.4),
(66910, 'z.... TRIAL VERSION from MYIP.MS ....', 838, 'BRA', -4.07, -65.08),
(66921, 'z.... TRIAL VERSION from MYIP.MS ....', 1297, 'BRA', -4.48, -41.5),
(66936, 'Oiapoque', 2113, 'BRA', 3.83, -51.83),
(67011, 'Consolação', 1714, 'BRA', 3.93, -60.98),
(67207, 'z.... TRIAL VERSION from MYIP.MS ....', 62, 'CHN', 30.88, 121.87),
(67585, 'z.... TRIAL VERSION from MYIP.MS ....', 64, 'CHN', 39.14, 117.18),
(75660, 'z.... TRIAL VERSION from MYIP.MS ....', 1714, 'BRA', 3.83, -60.22),
(75883, 'Gangtok', 2320, 'IND', 27.33, 88.62),
(77715, 'Kohima', 2370, 'IND', 25.67, 94.12),
(79131, 'Minas Gerais', 2116, 'BRA', -8.97, -72.78),
(79674, 'Washington D.c', 249, 'USA', 38.9, -77.04);

-- --------------------------------------------------------

--
-- Table structure for table `countries`
--

CREATE TABLE IF NOT EXISTS `countries` (
  `countryID` varchar(3) NOT NULL DEFAULT '',
  `countryName` varchar(52) NOT NULL DEFAULT '',
  `localName` varchar(45) NOT NULL,
  `webCode` varchar(2) NOT NULL,
  `region` varchar(26) NOT NULL,
  `continent` enum('Asia','Europe','North America','Africa','Oceania','Antarctica','South America') NOT NULL,
  `latitude` double NOT NULL DEFAULT '0',
  `longitude` double NOT NULL DEFAULT '0',
  `surfaceArea` float(10,2) NOT NULL DEFAULT '0.00',
  `population` int(11) NOT NULL DEFAULT '0',
  PRIMARY KEY (`countryID`),
  UNIQUE KEY `webCode` (`webCode`),
  UNIQUE KEY `countryName` (`countryName`),
  KEY `region` (`region`),
  KEY `continent` (`continent`),
  KEY `population` (`population`),
  KEY `surfaceArea` (`surfaceArea`)
) ENGINE=InnoDB DEFAULT CHARSET=utf8 ROW_FORMAT=DYNAMIC;

--
-- Dumping data for table `countries`
--

INSERT INTO `countries` (`countryID`, `countryName`, `localName`, `webCode`, `region`, `continent`, `latitude`, `longitude`, `surfaceArea`, `population`) VALUES
('BRA', 'Brazil', 'Brasil', 'BR', 'South America', 'South America', -10, -55, 8547403.00, 170115000),
('CHN', 'China', 'Zhongquo', 'CN', 'Eastern Asia', 'Asia', 35, 105, 9572900.00, 1277558000),
('FRA', 'France', '', 'FR', 'Western Europe', 'Europe', 47, 2, 551500.00, 59225700),
('IND', 'India', 'Bharat/India', 'IN', 'Southern and Central Asia', 'Asia', 28.47, 77.03, 3287263.00, 1013662000),
('USA', 'USA', 'United States', 'US', 'North America', 'North America', 38, -97, 9363520.00, 278357000);

-- --------------------------------------------------------

--
-- Table structure for table `country`
--

CREATE TABLE IF NOT EXISTS `country` (
  `country_sk` int(2) DEFAULT NULL,
  `country_name` varchar(14) DEFAULT NULL,
  `country_code` int(3) DEFAULT NULL
) ENGINE=InnoDB DEFAULT CHARSET=utf8;

--
-- Dumping data for table `country`
--

INSERT INTO `country` (`country_sk`, `country_name`, `country_code`) VALUES
(1, 'Argentina', 54),
(2, 'Australia', 61),
(3, 'Austria', 43),
(4, 'Brazil', 55),
(5, 'China', 86),
(6, 'Cuba', 53),
(7, 'France', 33),
(8, 'Germany', 49),
(9, 'Greece', 30),
(10, 'India', 91),
(11, 'Ireland', 353),
(12, 'Italy', 39),
(13, 'Mexico', 52),
(14, 'New Zealand', 64),
(15, 'Nigeria', 234),
(16, 'Portugal', 351),
(17, 'Russia', 7),
(18, 'South Africa', 27),
(19, 'Spain', 34),
(20, 'Sweden', 46),
(21, 'Turkey', 90),
(22, 'United Kingdom', 44);

-- --------------------------------------------------------

--
-- Table structure for table `country_city`
--

CREATE TABLE IF NOT EXISTS `country_city` (
  `country_sk` int(4) DEFAULT NULL,
  `country` int(3) DEFAULT NULL,
  `city` varchar(42) DEFAULT NULL,
  `area_code` varchar(5) DEFAULT NULL,
  `dialing_code` varchar(9) DEFAULT NULL
) ENGINE=InnoDB DEFAULT CHARSET=utf8;

--
-- Dumping data for table `country_city`
--

INSERT INTO `country_city` (`country_sk`, `country`, `city`, `area_code`, `dialing_code`) VALUES
(1, 91, 'Agartala', '381', '+91 381'),
(2, 91, 'Agra', '562', '+91 562'),
(3, 91, 'Ahmedabad', '79', '+91 79'),
(4, 91, 'Aizawl', '389', '+91 389'),
(5, 91, 'Ajmer', '145', '+91 145'),
(6, 91, 'Akbarpur', '5271', '+91 5271'),
(7, 91, 'Akola', '724', '+91 724'),
(8, 91, 'Alappuzha', '477', '+91 477'),
(9, 91, 'Aligarh', '571', '+91 571'),
(10, 91, 'Alipore', '33', '+91 33'),
(11, 91, 'Alwar', '144', '+91 144'),
(12, 91, 'Amravati', '721', '+91 721'),
(13, 91, 'Amritsar', '183', '+91 183'),
(14, 91, 'Amroha', '5922', '+91 5922'),
(15, 91, 'Anand', '2692', '+91 2692'),
(16, 91, 'Anantapur', '8554', '+91 8554'),
(17, 91, 'Anantnag', '193', '+91 193'),
(18, 91, 'Angul', '6764', '+91 6764'),
(19, 91, 'Araria', '6453', '+91 6453'),
(20, 91, 'Arrah', '6182', '+91 6182'),
(21, 91, 'Asansol', '341', '+91 341'),
(22, 91, 'Auraiya', '5683', '+91 5683'),
(23, 91, 'Aurangabad', '2432', '+91 2432'),
(24, 91, 'Azamgarh', '5462', '+91 5462'),
(25, 91, 'Badaun', '5832', '+91 5832'),
(26, 91, 'Bagpat', '1234', '+91 1234'),
(27, 91, 'Baharampur', '3482', '+91 3482'),
(28, 91, 'Bahraich', '5252', '+91 5252'),
(29, 91, 'Balaghat', '7632', '+91 7632'),
(30, 91, 'Balangir', '6652', '+91 6652'),
(31, 91, 'Balasore', '6782', '+91 6782'),
(32, 91, 'Ballia', '5498', '+91 5498'),
(33, 91, 'Balrampur', '5263', '+91 5263'),
(34, 91, 'Balurghat', '3522', '+91 3522'),
(35, 91, 'Banda', '5192', '+91 5192'),
(36, 91, 'Bangalore', '80', '+91 80'),
(37, 91, 'Banka', '6424', '+91 6424'),
(38, 91, 'Bankura', '3242', '+91 3242'),
(39, 91, 'Banswara', '2962', '+91 2962'),
(40, 91, 'Barabanki', '5248', '+91 5248'),
(41, 91, 'Baramulla', '1952', '+91 1952'),
(42, 91, 'Baran', '7453', '+91 7453'),
(43, 91, 'Barasat', '33', '+91 33'),
(44, 91, 'Barddhaman', '342', '+91 342'),
(45, 91, 'Bardhaman', '342', '+91 342'),
(46, 91, 'Bareilly', '581', '+91 581'),
(47, 91, 'Bargarh', '6646', '+91 6646'),
(48, 91, 'Baripada', '6792', '+91 6792'),
(49, 91, 'Barmer', '2982', '+91 2982'),
(50, 91, 'Barnala', '1679', '+91 1679'),
(51, 91, 'Baroda', '265', '+91 265'),
(52, 91, 'Barwani', '7290', '+91 7290'),
(53, 91, 'Basti', '5542', '+91 5542'),
(54, 91, 'Bathinda', '164', '+91 164'),
(55, 91, 'Beawar', '1462', '+91 1462'),
(56, 91, 'Beed', '2442', '+91 2442'),
(57, 91, 'Begusarai', '6243', '+91 6243'),
(58, 91, 'Berhampur', '680', '+91 680'),
(59, 91, 'Bettiah', '6254', '+91 6254'),
(60, 91, 'Betul', '7141', '+91 7141'),
(61, 91, 'Bhabua', '6189', '+91 6189'),
(62, 91, 'Bhadrachalam', '8743', '+91 8743'),
(63, 91, 'Bhadrak', '6784', '+91 6784'),
(64, 91, 'Bhagalpur', '641', '+91 641'),
(65, 91, 'Bhandara', '7184', '+91 7184'),
(66, 91, 'Bharatpur', '5644', '+91 5644'),
(67, 91, 'Bharuch', '2642', '+91 2642'),
(68, 91, 'Bhavnagar', '278', '+91 278'),
(69, 91, 'Bhawanipatna', '6670', '+91 6670'),
(70, 91, 'Bhilwara', '1482', '+91 1482'),
(71, 91, 'Bhind', '7534', '+91 7534'),
(72, 91, 'Bhinga', '5250', '+91 5250'),
(73, 91, 'Bhopal', '755', '+91 755'),
(74, 91, 'Bhubaneshwar', '674', '+91 674'),
(75, 91, 'Bhubaneswar', '674', '+91 674'),
(76, 91, 'Bhuj', '2832', '+91 2832'),
(77, 91, 'Bijnor', '1342', '+91 1342'),
(78, 91, 'Bikaner', '151', '+91 151'),
(79, 91, 'Bokaro Steel City', '6542', '+91 6542'),
(80, 91, 'Bombay', '22', '+91 22'),
(81, 91, 'Boudh', '6841', '+91 6841'),
(82, 91, 'Bulandshahr', '5732', '+91 5732'),
(83, 91, 'Buldhana', '7262', '+91 7262'),
(84, 91, 'Bundi', '747', '+91 747'),
(85, 91, 'Burhanpur', '7325', '+91 7325'),
(86, 91, 'Buxar', '6183', '+91 6183'),
(87, 91, 'Calcutta', '33', '+91 33'),
(88, 91, 'Chandauli', '5412', '+91 5412'),
(89, 91, 'Chandigarh', '172', '+91 172'),
(90, 91, 'Chandrapur', '7172', '+91 7172'),
(91, 91, 'Chennai', '44', '+91 44'),
(92, 91, 'Chennai (formerly Madras)', '44', '+91 44'),
(93, 91, 'Chennai (Madras)', '44', '+91 44'),
(94, 91, 'Cherrapunji', '3637', '+91 3637'),
(95, 91, 'Chhapra', '6152', '+91 6152'),
(96, 91, 'Chhatarpur', '7682', '+91 7682'),
(97, 91, 'Chhatrapur', '6811', '+91 6811'),
(98, 91, 'Chhindwara', '7162', '+91 7162'),
(99, 91, 'Chitrakuta', '5194', '+91 5194'),
(100, 91, 'Chittoor', '8572', '+91 8572'),
(101, 91, 'Chittorgarh', '8572', '+91 8572'),
(102, 91, 'Churu', '1562', '+91 1562'),
(103, 91, 'Cochin (Kochi)', '484', '+91 484'),
(104, 91, 'Coimbator', '422', '+91 422'),
(105, 91, 'Coimbatore', '422', '+91 422'),
(106, 91, 'Cooch Behar', '3582', '+91 3582'),
(107, 91, 'Cuddalore', '4142', '+91 4142'),
(108, 91, 'Cuttack', '671', '+91 671'),
(109, 91, 'Daman', '260', '+91 260'),
(110, 91, 'Damoh', '7638', '+91 7638'),
(111, 91, 'Darbhanga', '6272', '+91 6272'),
(112, 91, 'Darjeeling', '354', '+91 354'),
(113, 91, 'Datia', '7522', '+91 7522'),
(114, 91, 'Dausa', '1427', '+91 1427'),
(115, 91, 'Debagarh', '6641', '+91 6641'),
(116, 91, 'Dehra Dun', '135', '+91 135'),
(117, 91, 'Dehradun', '135', '+91 135'),
(118, 91, 'Delhi', '11', '+91 11'),
(119, 91, 'Deogarh', '6432', '+91 6432'),
(120, 91, 'Deoghar', '6432', '+91 6432'),
(121, 91, 'Deoria', '5568', '+91 5568'),
(122, 91, 'Dewas', '7272', '+91 7272'),
(123, 91, 'Dhanbad', '326', '+91 326'),
(124, 91, 'Dhar', '7292', '+91 7292'),
(125, 91, 'Dharmapuri', '4342', '+91 4342'),
(126, 91, 'Dhenkanal', '6762', '+91 6762'),
(127, 91, 'Dholpur', '5642', '+91 5642'),
(128, 91, 'Dhule', '2562', '+91 2562'),
(129, 91, 'Dibrugarh', '373', '+91 373'),
(130, 91, 'Dimapur', '3862', '+91 3862'),
(131, 91, 'Dindigul', '451', '+91 451'),
(132, 91, 'Dispur', '361', '+91 361'),
(133, 91, 'Dungarpur', '2964', '+91 2964'),
(134, 91, 'Eluru', '8812', '+91 8812'),
(135, 91, 'Erode', '424', '+91 424'),
(136, 91, 'Etah', '5742', '+91 5742'),
(137, 91, 'Etawah', '5688', '+91 5688'),
(138, 91, 'Faizabad', '5278', '+91 5278'),
(139, 91, 'Faridabad', '129', '+91 129'),
(140, 91, 'Faridkot', '1639', '+91 1639'),
(141, 91, 'Fatehgarh', '5692', '+91 5692'),
(142, 91, 'Fatehgarh Sahib', '1763', '+91 1763'),
(143, 91, 'Fatehpur', '5240', '+91 5240'),
(144, 91, 'Fathepur Sikri', '5619', '+91 5619'),
(145, 91, 'Firozabad', '5612', '+91 5612'),
(146, 91, 'Firozpur', '1632', '+91 1632'),
(147, 91, 'Gadchiroli', '7132', '+91 7132'),
(148, 91, 'Gandhinagar', '2712', '+91 2712'),
(149, 91, 'Ganganagar', '154', '+91 154'),
(150, 91, 'Gangtok', '3592', '+91 3592'),
(151, 91, 'Gaya', '631', '+91 631'),
(152, 91, 'Ghaziabad', '120', '+91 120'),
(153, 91, 'Ghazipur', '548', '+91 548'),
(154, 91, 'Giridih', '1933', '+91 1933'),
(155, 91, 'Gonda', '5262', '+91 5262'),
(156, 91, 'Gondia', '7182', '+91 7182'),
(157, 91, 'Gopalganj', '6156', '+91 6156'),
(158, 91, 'Gorakhpur', '551', '+91 551'),
(159, 91, 'Gumla', '6524', '+91 6524'),
(160, 91, 'Guna', '7542', '+91 7542'),
(161, 91, 'Guntur', '863', '+91 863'),
(162, 91, 'Gurdaspur', '1874', '+91 1874'),
(163, 91, 'Gurgaon', '124', '+91 124'),
(164, 91, 'Guwahati', '361', '+91 361'),
(165, 91, 'Gwalior', '751', '+91 751'),
(166, 91, 'Gyanpur', '5414', '+91 5414'),
(167, 91, 'Hajipur', '6224', '+91 6224'),
(168, 91, 'Haldwani', '5946', '+91 5946'),
(169, 91, 'Hamirpur', '5282', '+91 5282'),
(170, 91, 'Hanumangarh', '1552', '+91 1552'),
(171, 91, 'Harda', '7577', '+91 7577'),
(172, 91, 'Hardoi', '5852', '+91 5852'),
(173, 91, 'Haridwar', '1332', '+91 1332'),
(174, 91, 'Hathras', '5722', '+91 5722'),
(175, 91, 'Hazaribagh', '6546', '+91 6546'),
(176, 91, 'Hingoli', '2456', '+91 2456'),
(177, 91, 'Hoshangabad', '7574', '+91 7574'),
(178, 91, 'Hoshiarpur', '1882', '+91 1882'),
(179, 91, 'Howrah', '33', '+91 33'),
(180, 91, 'Hugli-Chuchura', '33', '+91 33'),
(181, 91, 'Hyderabad', '40', '+91 40'),
(182, 91, 'Imphal', '3852', '+91 3852'),
(183, 91, 'Indore', '731', '+91 731'),
(184, 91, 'Itanagar', '360', '+91 360'),
(185, 91, 'Jabalpur', '761', '+91 761'),
(186, 91, 'Jagatsinghpur', '6724', '+91 6724'),
(187, 91, 'Jaipur', '141', '+91 141'),
(188, 91, 'Jaisalmer', '2922', '+91 2922'),
(189, 91, 'Jalandhar', '181', '+91 181'),
(190, 91, 'Jalgaon', '257', '+91 257'),
(191, 91, 'Jalna', '2482', '+91 2482'),
(192, 91, 'Jalore', '2972', '+91 2972'),
(193, 91, 'Jalpaiguri', '3561', '+91 3561'),
(194, 91, 'Jammu', '191', '+91 191'),
(195, 91, 'Jamnagar', '288', '+91 288'),
(196, 91, 'Jamshedpur', '657', '+91 657'),
(197, 91, 'Jamui', '6345', '+91 6345'),
(198, 91, 'Jaunpur', '5452', '+91 5452'),
(199, 91, 'Jehanabad', '6114', '+91 6114'),
(200, 91, 'Jhabua', '7392', '+91 7392'),
(201, 91, 'Jhalawar', '7432', '+91 7432'),
(202, 91, 'Jhansi', '510', '+91 510'),
(203, 91, 'Jharsuguda', '6645', '+91 6645'),
(204, 91, 'Jhunjhunu', '1595', '+91 1595'),
(205, 91, 'Jodhpur', '291', '+91 291'),
(206, 91, 'Jullundur', '181', '+91 181'),
(207, 91, 'Junagadh', '285', '+91 285'),
(208, 91, 'Kalpetta', '4936', '+91 4936'),
(209, 91, 'Kanchipuram', '44', '+91 44'),
(210, 91, 'Kannauj', '5694', '+91 5694'),
(211, 91, 'Kanpur', '512', '+91 512'),
(212, 91, 'Kapurthala', '1822', '+91 1822'),
(213, 91, 'Karauli', '7464', '+91 7464'),
(214, 91, 'Karjat', '2489', '+91 2489'),
(215, 91, 'Karur', '4324', '+91 4324'),
(216, 91, 'Kasaragod', '494', '+91 494'),
(217, 91, 'Kathua', '1922', '+91 1922'),
(218, 91, 'Katihar', '6452', '+91 6452'),
(219, 91, 'Katni', '7622', '+91 7622'),
(220, 91, 'Kavaratti', '4896', '+91 4896'),
(221, 91, 'Kendrapara', '6727', '+91 6727'),
(222, 91, 'Kendujhar', '6766', '+91 6766'),
(223, 91, 'Khagaria', '6244', '+91 6244'),
(224, 91, 'Khalilabad', '5547', '+91 5547'),
(225, 91, 'Khandwa', '733', '+91 733'),
(226, 91, 'Kharagpur', '3222', '+91 3222'),
(227, 91, 'Khargone', '7282', '+91 7282'),
(228, 91, 'Khordha', '6755', '+91 6755'),
(229, 91, 'Kishanganj', '6466', '+91 6466'),
(230, 91, 'Kochi', '484', '+91 484'),
(231, 91, 'Kohima', '370', '+91 370'),
(232, 91, 'Kolhapur', '231', '+91 231'),
(233, 91, 'Kolkata', '33', '+91 33'),
(234, 91, 'Kolkata (Calcutta)', '33', '+91 33'),
(235, 91, 'Kolkatta (formerly Calcutta)', '33', '+91 33'),
(236, 91, 'Kollam', '474', '+91 474'),
(237, 91, 'Koraput', '6852', '+91 6852'),
(238, 91, 'Kota', '744', '+91 744'),
(239, 91, 'Kottayam', '481', '+91 481'),
(240, 91, 'Kozhikode', '495', '+91 495'),
(241, 91, 'Krishnagiri', '4343', '+91 4343'),
(242, 91, 'Krishnanagar', '3472', '+91 3472'),
(243, 91, 'Kulti', '341', '+91 341'),
(244, 91, 'Lakhimpur', '5872', '+91 5872'),
(245, 91, 'Lakhisarai', '6346', '+91 6346'),
(246, 91, 'Lalitpur', '5176', '+91 5176'),
(247, 91, 'Latur', '2382', '+91 2382'),
(248, 91, 'Lucknow', '522', '+91 522'),
(249, 91, 'Ludhiana', '161', '+91 161'),
(250, 91, 'Madhepura', '6476', '+91 6476'),
(251, 91, 'Madhubani', '6276', '+91 6276'),
(252, 91, 'Madras', '44', '+91 44'),
(253, 91, 'Madurai', '452', '+91 452'),
(254, 91, 'Maharajganj', '5523', '+91 5523'),
(255, 91, 'Mahoba', '5281', '+91 5281'),
(256, 91, 'Mainpuri', '5672', '+91 5672'),
(257, 91, 'Malda', '3512', '+91 3512'),
(258, 91, 'Malkangiri', '6861', '+91 6861'),
(259, 91, 'Mandla', '7642', '+91 7642'),
(260, 91, 'Mandsaur', '7422', '+91 7422'),
(261, 91, 'Manipal', '8252', '+91 8252'),
(262, 91, 'Manjhanpur', '5331', '+91 5331'),
(263, 91, 'Mansa', '1652', '+91 1652'),
(264, 91, 'Margao', '8342', '+91 8342'),
(265, 91, 'Mathura', '565', '+91 565'),
(266, 91, 'Mau', '5195', '+91 5195'),
(267, 91, 'Meerut', '121', '+91 121'),
(268, 91, 'Midnapore', '3222', '+91 3222'),
(269, 91, 'Mirzapur', '5442', '+91 5442'),
(270, 91, 'Moga', '1636', '+91 1636'),
(271, 91, 'Mohali', '172', '+91 172'),
(272, 91, 'Moradabad', '591', '+91 591'),
(273, 91, 'Morena', '7532', '+91 7532'),
(274, 91, 'Motihari', '6252', '+91 6252'),
(275, 91, 'Mount Abu', '2974', '+91 2974'),
(276, 91, 'Muktsar', '1633', '+91 1633'),
(277, 91, 'Mumbai', '22', '+91 22'),
(278, 91, 'Mumbai (Bombay)', '22', '+91 22'),
(279, 91, 'Mumbai (formerly Bombay )', '22', '+91 22'),
(280, 91, 'Munger', '6344', '+91 6344'),
(281, 91, 'Mussooree', '1362', '+91 1362'),
(282, 91, 'Muzaffarnagar', '131', '+91 131'),
(283, 91, 'Muzaffarpur', '621', '+91 621'),
(284, 91, 'Mysore', '821', '+91 821'),
(285, 91, 'Nabarangpur', '685', '+91 685'),
(286, 91, 'Nadiad', '268', '+91 268'),
(287, 91, 'Nagaon', '3672', '+91 3672'),
(288, 91, 'Nagapattinam', '4365', '+91 4365'),
(289, 91, 'Nagaur', '1582', '+91 1582'),
(290, 91, 'Nagercoil', '4652', '+91 4652'),
(291, 91, 'Nagpur', '712', '+91 712'),
(292, 91, 'Nalanda', '6119', '+91 6119'),
(293, 91, 'Namakkal', '4286', '+91 4286'),
(294, 91, 'Nanded', '2462', '+91 2462'),
(295, 91, 'Nandurbar', '2564', '+91 2564'),
(296, 91, 'Narsinghpur', '7792', '+91 7792'),
(297, 91, 'Nashik', '253', '+91 253'),
(298, 91, 'Nasik', '253', '+91 253'),
(299, 91, 'Naugarh', '5544', '+91 5544'),
(300, 91, 'Navi Mumbai', '22', '+91 22'),
(301, 91, 'Navsari', '2637', '+91 2637'),
(302, 91, 'Nawabganj', '6324', '+91 6324'),
(303, 91, 'Nawada', '6324', '+91 6324'),
(304, 91, 'Nawanshahr', '1823', '+91 1823'),
(305, 91, 'Nayagarh', '6753', '+91 6753'),
(306, 91, 'Neemuch', '7423', '+91 7423'),
(307, 91, 'New Delhi', '11', '+91 11'),
(308, 91, 'New Okhla Industrial Development Authority', '120', '+91 120'),
(309, 91, 'Nuapada', '6678', '+91 6678'),
(310, 91, 'Ootacamund', '423', '+91 423'),
(311, 91, 'Orai', '5162', '+91 5162'),
(312, 91, 'Osmanabad', '2472', '+91 2472'),
(313, 91, 'Padrauna', '5564', '+91 5564'),
(314, 91, 'Painavu', '486', '+91 486'),
(315, 91, 'Palakkad', '491', '+91 491'),
(316, 91, 'Pampore', '1933', '+91 1933'),
(317, 91, 'Panaji', '832', '+91 832'),
(318, 91, 'Panchkula', '172', '+91 172'),
(319, 91, 'Panipat', '180', '+91 180'),
(320, 91, 'Panna', '7732', '+91 7732'),
(321, 91, 'Panskura', '3228', '+91 3228'),
(322, 91, 'Panvel', '22', '+91 22'),
(323, 91, 'Paralakhemundi', '6815', '+91 6815'),
(324, 91, 'Parbhani', '2452', '+91 2452'),
(325, 91, 'Pathanamthitta', '468', '+91 468'),
(326, 91, 'Patiala', '175', '+91 175'),
(327, 91, 'Patna', '612', '+91 612'),
(328, 91, 'Perambalur', '4328', '+91 4328'),
(329, 91, 'Phulbani', '6842', '+91 6842'),
(330, 91, 'Pilibhit', '5882', '+91 5882'),
(331, 91, 'Ponnani', '483', '+91 483'),
(332, 91, 'Port Blair', '3192', '+91 3192'),
(333, 91, 'Pratapgarh', '5342', '+91 5342'),
(334, 91, 'Puducherry', '413', '+91 413'),
(335, 91, 'Pudukkottai', '4322', '+91 4322'),
(336, 91, 'Pune', '20', '+91 20'),
(337, 91, 'Pune (formerly Poona)', '20', '+91 20'),
(338, 91, 'Puri', '6752', '+91 6752'),
(339, 91, 'Purnia', '6454', '+91 6454'),
(340, 91, 'Purulia', '3252', '+91 3252'),
(341, 91, 'Pushkar', '145', '+91 145'),
(342, 91, 'Rae Bareli', '535', '+91 535'),
(343, 91, 'Raebareli', '535', '+91 535'),
(344, 91, 'Raiganj', '3523', '+91 3523'),
(345, 91, 'Raipur', '771', '+91 771'),
(346, 91, 'Rajgarh', '7372', '+91 7372'),
(347, 91, 'Rajkot', '281', '+91 281'),
(348, 91, 'Rajsamand', '2952', '+91 2952'),
(349, 91, 'Ramanathapuram', '4567', '+91 4567'),
(350, 91, 'Rampur', '595', '+91 595'),
(351, 91, 'Ranchi', '651', '+91 651'),
(352, 91, 'Ranthambhore Natl. Park', '7462', '+91 7462'),
(353, 91, 'Ratlam', '7412', '+91 7412'),
(354, 91, 'Ratnagiri', '2353', '+91 2353'),
(355, 91, 'Rayagada', '6856', '+91 6856'),
(356, 91, 'Rewa', '7662', '+91 7662'),
(357, 91, 'Robertsganj', '5444', '+91 5444'),
(358, 91, 'Roorkee', '1332', '+91 1332'),
(359, 91, 'Rourkela', '661', '+91 661'),
(360, 91, 'Rupnagar', '1881', '+91 1881'),
(361, 91, 'Sagar', '7582', '+91 7582'),
(362, 91, 'Saharanpur', '132', '+91 132'),
(363, 91, 'Saharsa', '6478', '+91 6478'),
(364, 91, 'Samastipur', '6274', '+91 6274'),
(365, 91, 'Sambalpur', '663', '+91 663'),
(366, 91, 'Sangli', '233', '+91 233'),
(367, 91, 'Sangrur', '1672', '+91 1672'),
(368, 91, 'Sariska', '144', '+91 144'),
(369, 91, 'Sasaram', '6184', '+91 6184'),
(370, 91, 'Satara', '2162', '+91 2162'),
(371, 91, 'Satna', '7672', '+91 7672'),
(372, 91, 'Sawai Madhopur', '7462', '+91 7462'),
(373, 91, 'Sehore', '7562', '+91 7562'),
(374, 91, 'Seoni', '7692', '+91 7692'),
(375, 91, 'Shahdol', '7652', '+91 7652'),
(376, 91, 'Shahjahanpur', '5842', '+91 5842'),
(377, 91, 'Shajapur', '7364', '+91 7364'),
(378, 91, 'Sheikhpura', '6341', '+91 6341'),
(379, 91, 'Sheohar', '6222', '+91 6222'),
(380, 91, 'Sheopur', '7530', '+91 7530'),
(381, 91, 'Shillong', '364', '+91 364'),
(382, 91, 'Shimla', '177', '+91 177'),
(383, 91, 'Shivpuri', '7492', '+91 7492'),
(384, 91, 'Sibsagar', '3772', '+91 3772'),
(385, 91, 'Sidhi', '7822', '+91 7822'),
(386, 91, 'Sikar', '1572', '+91 1572'),
(387, 91, 'Silchar', '3842', '+91 3842'),
(388, 91, 'Silvassa', '260', '+91 260'),
(389, 91, 'Simla', '177', '+91 177'),
(390, 91, 'Sindri', '326', '+91 326'),
(391, 91, 'Sitamarhi', '6226', '+91 6226'),
(392, 91, 'Sitapur', '5862', '+91 5862'),
(393, 91, 'Sivaganga', '4575', '+91 4575'),
(394, 91, 'Siwan', '6154', '+91 6154'),
(395, 91, 'Solapur', '217', '+91 217'),
(396, 91, 'Sonepur', '6654', '+91 6654'),
(397, 91, 'Sopore', '1954', '+91 1954'),
(398, 91, 'Srinagar', '194', '+91 194'),
(399, 91, 'Sultanpur', '5362', '+91 5362'),
(400, 91, 'Sundergarh', '6622', '+91 6622'),
(401, 91, 'Supaul', '6473', '+91 6473'),
(402, 91, 'Surat', '261', '+91 261'),
(403, 91, 'Suri', '3462', '+91 3462'),
(404, 91, 'Tamluk', '3228', '+91 3228'),
(405, 91, 'Tarn Taran Sahib', '1852', '+91 1852'),
(406, 91, 'Thalassery', '490', '+91 490'),
(407, 91, 'Thane', '22', '+91 22'),
(408, 91, 'Thanjavur', '4362', '+91 4362'),
(409, 91, 'Theni', '4546', '+91 4546'),
(410, 91, 'Thiruvan', '471', '+91 471'),
(411, 91, 'Thiruvananthapuram', '471', '+91 471'),
(412, 91, 'Thiruvannaamalai', '4175', '+91 4175'),
(413, 91, 'Thoothukudi', '461', '+91 461'),
(414, 91, 'Thrissur', '487', '+91 487'),
(415, 91, 'Tikamgarh', '7683', '+91 7683'),
(416, 91, 'Tinsukia', '374', '+91 374'),
(417, 91, 'Tiruchirapalli', '431', '+91 431'),
(418, 91, 'Tirumala', '877', '+91 877'),
(419, 91, 'Tirunelveli', '462', '+91 462'),
(420, 91, 'Tiruvallur', '44', '+91 44'),
(421, 91, 'Tiruvarur', '4366', '+91 4366'),
(422, 91, 'Tonk', '1435', '+91 1435'),
(423, 91, 'Udaipur', '294', '+91 294'),
(424, 91, 'Udhampur', '199', '+91 199'),
(425, 91, 'Ujjain', '734', '+91 734'),
(426, 91, 'Unnao', '515', '+91 515'),
(427, 91, 'Vadodara', '265', '+91 265'),
(428, 91, 'Vadodara (Baroda)', '265', '+91 265'),
(429, 91, 'Varanasi', '542', '+91 542'),
(430, 91, 'Vasco da Gama', '832', '+91 832'),
(431, 91, 'Vellore', '416', '+91 416'),
(432, 91, 'Vidisha', '7592', '+91 7592'),
(433, 91, 'Vijayawada', '866', '+91 866'),
(434, 91, 'Viluppuram', '4146', '+91 4146'),
(435, 91, 'Virudhunagar', '4562', '+91 4562'),
(436, 91, 'Virudunagar', '4562', '+91 4562'),
(437, 91, 'Visakhapatnam', '891', '+91 891'),
(438, 91, 'Warangal', '870', '+91 870'),
(439, 91, 'Wardha', '7152', '+91 7152'),
(440, 91, 'Washim', '7252', '+91 7252'),
(441, 91, 'Yavatmal', '7232', '+91 7232'),
(442, 86, 'Aihui', '456', '+86 456'),
(443, 86, 'Akesu', '997', '+86 997'),
(444, 86, 'Ankang', '915', '+86 915'),
(445, 86, 'Anqing', '556', '+86 556'),
(446, 86, 'Anshan', '412', '+86 412'),
(447, 86, 'Anshun', '853', '+86 853'),
(448, 86, 'Anyang', '372', '+86 372'),
(449, 86, 'Baise', '776', '+86 776'),
(450, 86, 'Baoding', '312', '+86 312'),
(451, 86, 'Baoji', '917', '+86 917'),
(452, 86, 'Baotou', '472', '+86 472'),
(453, 86, 'Beihai', '779', '+86 779'),
(454, 86, 'Beijing', '10', '+86 10'),
(455, 86, 'Bengbu', '552', '+86 552'),
(456, 86, 'Benxi', '414', '+86 414'),
(457, 86, 'Changbai', '4458', '+86 4458'),
(458, 86, 'Changchun', '431', '+86 431'),
(459, 86, 'Changde', '736', '+86 736'),
(460, 86, 'Changji', '994', '+86 994'),
(461, 86, 'Changsha', '731', '+86 731'),
(462, 86, 'Changshu', '512', '+86 512'),
(463, 86, 'Changzhou', '519', '+86 519'),
(464, 86, 'Chaoyang', '421', '+86 421'),
(465, 86, 'Chengde', '314', '+86 314'),
(466, 86, 'Chengdu', '28', '+86 28'),
(467, 86, 'Chifeng', '476', '+86 476'),
(468, 86, 'Chongqing', '23', '+86 23'),
(469, 86, 'Chuxiong', '878', '+86 878'),
(470, 86, 'Dali', '872', '+86 872'),
(471, 86, 'Dalian', '411', '+86 411'),
(472, 86, 'Dandong', '415', '+86 415'),
(473, 86, 'Daqing', '459', '+86 459'),
(474, 86, 'Datong', '352', '+86 352'),
(475, 86, 'Dongfang', '8003', '+86 8003'),
(476, 86, 'Dunhua', '4435', '+86 4435'),
(477, 86, 'Dunhuang', '9473', '+86 9473'),
(478, 86, 'Erlianhaote', '4813', '+86 4813'),
(479, 86, 'Fengcheng', '7888', '+86 7888'),
(480, 86, 'Foshan', '757', '+86 757'),
(481, 86, 'Fuding', '5033', '+86 5033'),
(482, 86, 'Fushun', '413', '+86 413'),
(483, 86, 'Fuyang', '571', '+86 571'),
(484, 86, 'Fuzhou', '591', '+86 591'),
(485, 86, 'Ganzhou', '797', '+86 797'),
(486, 86, 'Guang an', '8269', '+86 8269'),
(487, 86, 'Guangzhou', '20', '+86 20'),
(488, 86, 'Guilin', '773', '+86 773'),
(489, 86, 'Guiyang', '851', '+86 851'),
(490, 86, 'Guyang', '4823', '+86 4823'),
(491, 86, 'Haikou', '898', '+86 898'),
(492, 86, 'Hailun', '4652', '+86 4652'),
(493, 86, 'Haining', '5834', '+86 5834'),
(494, 86, 'Hami', '9022', '+86 9022'),
(495, 86, 'Hangzhou', '571', '+86 571'),
(496, 86, 'Hanzhong', '916', '+86 916'),
(497, 86, 'Harbin', '451', '+86 451'),
(498, 86, 'Hechi', '778', '+86 778'),
(499, 86, 'Hefei', '551', '+86 551'),
(500, 86, 'Hohhot', '471', '+86 471'),
(501, 86, 'Huangshi', '714', '+86 714'),
(502, 86, 'Huizhou', '752', '+86 752'),
(503, 86, 'Huzhou', '572', '+86 572'),
(504, 86, 'Jiangjin', '8221', '+86 8221'),
(505, 86, 'Jiangling', '716', '+86 716'),
(506, 86, 'Jiangmen', '750', '+86 750'),
(507, 86, 'Jilin', '432', '+86 432'),
(508, 86, 'Jinan', '531', '+86 531'),
(509, 86, 'Jingdezhen', '798', '+86 798'),
(510, 86, 'Jining', '537', '+86 537'),
(511, 86, 'Jinzhou', '416', '+86 416'),
(512, 86, 'Jiujiang', '792', '+86 792'),
(513, 86, 'Jiuquan', '937', '+86 937'),
(514, 86, 'Jixi', '4617', '+86 4617'),
(515, 86, 'Kaifeng', '378', '+86 378'),
(516, 86, 'Kashi', '998', '+86 998'),
(517, 86, 'Kunming', '871', '+86 871'),
(518, 86, 'Lanxi', '579', '+86 579'),
(519, 86, 'Lanzhou', '931', '+86 931'),
(520, 86, 'Lhasa', '891', '+86 891'),
(521, 86, 'Liaoyang', '419', '+86 419'),
(522, 86, 'Lijing', '5430', '+86 5430'),
(523, 86, 'Linhai', '576', '+86 576'),
(524, 86, 'Lintong', '29', '+86 29'),
(525, 86, 'Linxi', '4868', '+86 4868'),
(526, 86, 'Linzhi', '894', '+86 894'),
(527, 86, 'Liuyang', '731', '+86 731'),
(528, 86, 'Liuzhou', '772', '+86 772'),
(529, 86, 'Luoyang', '379', '+86 379'),
(530, 86, 'Maoming', '7683', '+86 7683'),
(531, 86, 'Meishan', '8425', '+86 8425'),
(532, 86, 'Mianyang', '816', '+86 816'),
(533, 86, 'Miquan', '9041', '+86 9041'),
(534, 86, 'Mohe', '457', '+86 457'),
(535, 86, 'Mudanjiang', '467', '+86 467'),
(536, 86, 'Nanchang', '791', '+86 791'),
(537, 86, 'Nanjing', '25', '+86 25'),
(538, 86, 'Nanning', '771', '+86 771'),
(539, 86, 'Nantong', '513', '+86 513'),
(540, 86, 'Nanyang', '377', '+86 377'),
(541, 86, 'Nenjiang', '4665', '+86 4665'),
(542, 86, 'Ningbo', '574', '+86 574'),
(543, 86, 'Pingliang', '933', '+86 933'),
(544, 86, 'Qingdao', '532', '+86 532'),
(545, 86, 'Qiqihar', '452', '+86 452'),
(546, 86, 'Qitai', '994', '+86 994'),
(547, 86, 'Quanzhou', '595', '+86 595'),
(548, 86, 'Qujiang', '751', '+86 751'),
(549, 86, 'Ruili', '8885', '+86 8885'),
(550, 86, 'Shanghai', '21', '+86 21'),
(551, 86, 'Shantou', '754', '+86 754'),
(552, 86, 'Shaoguan', '751', '+86 751'),
(553, 86, 'Shaoxing', '575', '+86 575'),
(554, 86, 'Shaoyang', '739', '+86 739'),
(555, 86, 'Shenyang', '24', '+86 24'),
(556, 86, 'Shenzhen', '755', '+86 755'),
(557, 86, 'Shijiazhuang', '311', '+86 311'),
(558, 86, 'Shuangcheng', '4615', '+86 4615'),
(559, 86, 'Siping', '434', '+86 434'),
(560, 86, 'Stanley', '270', '+86 270'),
(561, 86, 'Suifenhe', '4638', '+86 4638'),
(562, 86, 'Tacheng', '9003', '+86 9003'),
(563, 86, 'Taiyuan', '351', '+86 351'),
(564, 86, 'Tangshan', '315', '+86 315'),
(565, 86, 'Tianjin', '22', '+86 22'),
(566, 86, 'Tianshui', '938', '+86 938'),
(567, 86, 'Tongliao', '475', '+86 475'),
(568, 86, 'Urumqi', '991', '+86 991'),
(569, 86, 'Weifang', '536', '+86 536'),
(570, 86, 'Weinan', '913', '+86 913'),
(571, 86, 'Wenzhou', '577', '+86 577'),
(572, 86, 'Wudu', '939', '+86 939'),
(573, 86, 'Wuhan', '27', '+86 27'),
(574, 86, 'Wuhu', '553', '+86 553'),
(575, 86, 'Wuyishan', '599', '+86 599'),
(576, 86, 'Xi an', '29', '+86 29'),
(577, 86, 'Xiamen', '592', '+86 592'),
(578, 86, 'Xiangtan', '732', '+86 732'),
(579, 86, 'Xianyang', '910', '+86 910'),
(580, 86, 'Xichang', '834', '+86 834'),
(581, 86, 'Xin an', '5482', '+86 5482'),
(582, 86, 'Xining', '971', '+86 971'),
(583, 86, 'Xinjin', '971', '+86 971'),
(584, 86, 'Xinxiang', '373', '+86 373'),
(585, 86, 'Xinyang', '373', '+86 373'),
(586, 86, 'Xinyi', '859', '+86 859'),
(587, 86, 'Xuzhou', '516', '+86 516'),
(588, 86, 'Ya An', '835', '+86 835'),
(589, 86, 'Yan An', '911', '+86 911'),
(590, 86, 'Yangquan', '353', '+86 353'),
(591, 86, 'Yangzhou', '514', '+86 514'),
(592, 86, 'Yanji', '433', '+86 433'),
(593, 86, 'Yibin', '831', '+86 831'),
(594, 86, 'Yinchuan', '951', '+86 951'),
(595, 86, 'Yingkou', '417', '+86 417'),
(596, 86, 'Yining', '999', '+86 999'),
(597, 86, 'Yiwu', '579', '+86 579'),
(598, 86, 'Yiyang', '7038', '+86 7038'),
(599, 86, 'Yongchuan', '814', '+86 814'),
(600, 86, 'Yuanmou', '8869', '+86 8869'),
(601, 86, 'Yueyang', '730', '+86 730'),
(602, 86, 'Yulin', '912', '+86 912'),
(603, 86, 'Yushu', '976', '+86 976'),
(604, 86, 'Zhangjiakou', '313', '+86 313'),
(605, 86, 'Zhangzhou', '596', '+86 596'),
(606, 86, 'Zhanjiang', '759', '+86 759'),
(607, 86, 'Zhengzhou', '371', '+86 371'),
(608, 86, 'Zhenjiang', '511', '+86 511'),
(609, 86, 'Zhijiang', '7420', '+86 7420'),
(610, 86, 'Zhumadian', '3011', '+86 3011'),
(611, 86, 'Zibo', '533', '+86 533'),
(612, 86, 'Zunyi', '852', '+86 852'),
(613, 49, 'Aachen', '241', '+49 241'),
(614, 49, 'Augsburg', '821', '+49 821'),
(615, 49, 'Bergisch Gladbach', '2202', '+49 2202'),
(616, 49, 'Berlin', '30', '+49 30'),
(617, 49, 'Bielefeld', '521', '+49 521'),
(618, 49, 'Bonn', '228', '+49 228'),
(619, 49, 'Bottrop', '2041', '+49 2041'),
(620, 49, 'Braunschweig', '531', '+49 531'),
(621, 49, 'Bremen', '421', '+49 421'),
(622, 49, 'Bremerhaven', '471', '+49 471'),
(623, 49, 'Chemnitz', '371', '+49 371'),
(624, 49, 'Cologne', '221', '+49 221'),
(625, 49, 'Cottbus', '355', '+49 355'),
(626, 49, 'Darmstadt', '6151', '+49 6151'),
(627, 49, 'Dortmund', '231', '+49 231'),
(628, 49, 'Dresden', '351', '+49 351'),
(629, 49, 'Duisburg', '203', '+49 203'),
(630, 49, 'D', '211', '+49 211'),
(631, 49, 'Erfurt', '361', '+49 361'),
(632, 49, 'Erlangen', '9131', '+49 9131'),
(633, 49, 'Essen', '201', '+49 201'),
(634, 49, 'Frankfurt', '69', '+49 69'),
(635, 49, 'Frankfurt am Main', '69', '+49 69'),
(636, 49, 'Frankfurt an der Oder', '335', '+49 335'),
(637, 49, 'Freiburg', '761', '+49 761'),
(638, 49, 'F', '911', '+49 911'),
(639, 49, 'Gelsenkirchen', '209', '+49 209'),
(640, 49, 'Gera', '365', '+49 365'),
(641, 49, 'G', '', '49'),
(642, 49, 'Hagen', '2331', '+49 2331'),
(643, 49, 'Halle', '345', '+49 345'),
(644, 49, 'Hamburg', '40', '+49 40'),
(645, 49, 'Hamm', '2381', '+49 2381'),
(646, 49, 'Hannover', '511', '+49 511'),
(647, 49, 'Heidelberg', '6221', '+49 6221'),
(648, 49, 'Heilbronn', '7131', '+49 7131'),
(649, 49, 'Herne', '2323', '+49 2323'),
(650, 49, 'Hildesheim', '5121', '+49 5121'),
(651, 49, 'Ingolstadt', '841', '+49 841'),
(652, 49, 'Karlsruhe', '721', '+49 721'),
(653, 49, 'Kassel', '561', '+49 561'),
(654, 49, 'Kiel', '431', '+49 431'),
(655, 49, 'Koblenz', '261', '+49 261'),
(656, 49, 'Krefeld', '2151', '+49 2151'),
(657, 49, 'Leipzig', '341', '+49 341'),
(658, 49, 'Leverkusen', '214', '+49 214'),
(659, 49, 'L', '451', '+49 451'),
(660, 49, 'Ludwigsburg', '7141', '+49 7141'),
(661, 49, 'Ludwigshafen', '621', '+49 621'),
(662, 49, 'Magdeburg', '391', '+49 391'),
(663, 49, 'Mainz', '6131', '+49 6131'),
(664, 49, 'Mannheim', '621', '+49 621'),
(665, 49, 'M', '2161', '+49 2161'),
(666, 49, 'Munich', '89', '+49 89'),
(667, 49, 'Munster', '251', '+49 251'),
(668, 49, 'Neubrandenburg', '395', '+49 395'),
(669, 49, 'Neuss', '2131', '+49 2131'),
(670, 49, 'Nuremberg', '911', '+49 911'),
(671, 49, 'Oberhausen', '208', '+49 208'),
(672, 49, 'Offenbach', '69', '+49 69'),
(673, 49, 'Oldenburg', '441', '+49 441'),
(674, 49, 'Osnabr', '541', '+49 541'),
(675, 49, 'Paderborn', '5251', '+49 5251'),
(676, 49, 'Pforzheim', '7231', '+49 7231'),
(677, 49, 'Potsdam', '331', '+49 331'),
(678, 49, 'Recklinghausen', '2361', '+49 2361'),
(679, 49, 'Regensburg', '941', '+49 941'),
(680, 49, 'Remscheid', '2191', '+49 2191'),
(681, 49, 'Rostock', '381', '+49 381'),
(682, 49, 'Saarbr', '681', '+49 681'),
(683, 49, 'Salzgitter', '5341', '+49 5341'),
(684, 49, 'Schwerin', '385', '+49 385'),
(685, 49, 'Siegen', '271', '+49 271'),
(686, 49, 'Solingen', '212', '+49 212'),
(687, 49, 'Stuttgart', '711', '+49 711'),
(688, 49, 'Ulm', '731', '+49 731'),
(689, 49, 'Wiesbaden', '611', '+49 611'),
(690, 49, 'Wolfsburg', '5361', '+49 5361'),
(691, 49, 'Wuppertal', '202', '+49 202'),
(692, 49, 'W', '931', '+49 931'),
(693, 49, 'Zwickau', '375', '+49 375'),
(694, 44, 'Aberdeen', '1224', '+44 1224'),
(695, 44, 'Belfast City', '28', '+44 28'),
(696, 44, 'Birmingham', '121', '+44 121'),
(697, 44, 'Blackburn', '1254', '+44 1254'),
(698, 44, 'Blackpool', '1253', '+44 1253'),
(699, 44, 'Bolton', '1204', '+44 1204'),
(700, 44, 'Bournemouth', '1202', '+44 1202'),
(701, 44, 'Bradford', '1274', '+44 1274'),
(702, 44, 'Brighton', '1273', '+44 1273'),
(703, 44, 'Bristol', '117', '+44 117'),
(704, 44, 'Cambridge', '1223', '+44 1223'),
(705, 44, 'Cardiff', '29', '+44 29'),
(706, 44, 'Carlisle', '859', '+44 859'),
(707, 44, 'Chelsea', '205', '+44 205'),
(708, 44, 'Chester', '563', '+44 563'),
(709, 44, 'Colchester', '1206', '+44 1206'),
(710, 44, 'Coventry', '24', '+44 24'),
(711, 44, 'Crawley', '1293', '+44 1293'),
(712, 44, 'Derby', '1332', '+44 1332'),
(713, 44, 'Dover', '302', '+44 302'),
(714, 44, 'Dudley', '1384', '+44 1384'),
(715, 44, 'Eastbourne', '1323', '+44 1323'),
(716, 44, 'Edinburgh', '131', '+44 131'),
(717, 44, 'Glasgow', '141', '+44 141'),
(718, 44, 'Gloucester', '1452', '+44 1452'),
(719, 44, 'Gosport', '251', '+44 251'),
(720, 44, 'Greenwich', '20', '+44 20'),
(721, 44, 'Huddersfield', '1484', '+44 1484'),
(722, 44, 'Ipswich', '1473', '+44 1473'),
(723, 44, 'Kingston upon Hull', '1482', '+44 1482'),
(724, 44, 'Lancaster', '913', '+44 913'),
(725, 44, 'Leeds', '113', '+44 113'),
(726, 44, 'Leicester', '116', '+44 116'),
(727, 44, 'Lincoln', '217', '+44 217'),
(728, 44, 'Liverpool', '151', '+44 151'),
(729, 44, 'London', '20', '+44 20'),
(730, 44, 'Luton', '1582', '+44 1582'),
(731, 44, 'Manchester', '161', '+44 161'),
(732, 44, 'Middlesbrough', '1642', '+44 1642'),
(733, 44, 'Milton Keynes', '1908', '+44 1908'),
(734, 44, 'Newcastle upon Tyne', '191', '+44 191'),
(735, 44, 'Northampton', '1604', '+44 1604'),
(736, 44, 'Norwich', '1603', '+44 1603'),
(737, 44, 'Nottingham', '115', '+44 115'),
(738, 44, 'Oldham', '161', '+44 161'),
(739, 44, 'Oxford', '1865', '+44 1865'),
(740, 44, 'Peterborough', '1733', '+44 1733'),
(741, 44, 'Plymouth', '1752', '+44 1752'),
(742, 44, 'Poole', '1202', '+44 1202'),
(743, 44, 'Portland', '207', '+44 207'),
(744, 44, 'Portsmouth', '23', '+44 23'),
(745, 44, 'Preston', '1772', '+44 1772'),
(746, 44, 'Reading', '118', '+44 118'),
(747, 44, 'Rotherham', '1709', '+44 1709'),
(748, 44, 'Sheffield', '114', '+44 114'),
(749, 44, 'Slough', '1753', '+44 1753'),
(750, 44, 'Southampton', '23', '+44 23'),
(751, 44, 'St. Helens', '1744', '+44 1744'),
(752, 44, 'Stafford', '620', '+44 620'),
(753, 44, 'Stockport', '161', '+44 161'),
(754, 44, 'Sunderland', '191', '+44 191'),
(755, 44, 'Sutton Coldfield', '121', '+44 121'),
(756, 44, 'Swansea', '1792', '+44 1792'),
(757, 44, 'Swindon', '1793', '+44 1793'),
(758, 44, 'Telford', '1952', '+44 1952'),
(759, 44, 'Walsall', '1922', '+44 1922'),
(760, 44, 'Warwick', '229', '+44 229'),
(761, 44, 'Watford', '1923', '+44 1923'),
(762, 44, 'West Bromwich', '121', '+44 121'),
(763, 44, 'Westminster', '720', '+44 720'),
(764, 44, 'Weymouth', '781', '+44 781'),
(765, 44, 'Winchester', '913', '+44 913'),
(766, 44, 'Windsor', '757', '+44 757'),
(767, 44, 'Wolverhampton', '1902', '+44 1902'),
(768, 44, 'Worcester', '774', '+44 774'),
(769, 44, 'Worthing', '605', '+44 605'),
(770, 44, 'York', '1904', '+44 1904'),
(771, 27, 'Bethlehem', '835', '+27 835'),
(772, 27, 'Bloemfontein', '51', '+27 51'),
(773, 27, 'Cape Town', '21', '+27 21'),
(774, 27, 'Durban', '31', '+27 31'),
(775, 27, 'East London', '431', '+27 431'),
(776, 27, 'George', '712', '+27 712'),
(777, 27, 'Johannesburg', '11', '+27 11'),
(778, 27, 'Port Elizabeth', '41', '+27 41'),
(779, 27, 'Pretoria', '12', '+27 12'),
(780, 27, 'Uitenhage', '41', '+27 41'),
(781, 27, 'Vereeniging', '11', '+27 11'),
(782, 27, 'Welkom', '57', '+27 57'),
(783, 234, 'Aba', '82', '+234 82'),
(784, 234, 'Abakaliki', '43', '+234 43'),
(785, 234, 'Abeokuta', '39', '+234 39'),
(786, 234, 'Abuja', '9', '+234 9'),
(787, 234, 'Ado Ekiti', '30', '+234 30'),
(788, 234, 'Agbor', '55', '+234 55'),
(789, 234, 'Ahoada', '86', '+234 86'),
(790, 234, 'Akure', '34', '+234 34'),
(791, 234, 'Asaba', '56', '+234 56'),
(792, 234, 'Auchi', '57', '+234 57'),
(793, 234, 'Awka', '48', '+234 48'),
(794, 234, 'Azare', '71', '+234 71'),
(795, 234, 'Badagry', '1', '+234 1'),
(796, 234, 'Bauchi', '77', '+234 77'),
(797, 234, 'Benin', '52', '+234 52'),
(798, 234, 'Birnin', '68', '+234 68'),
(799, 234, 'Calabar', '87', '+234 87'),
(800, 234, 'Damaturu', '74', '+234 74'),
(801, 234, 'Edo', '52', '+234 52'),
(802, 234, 'Enugu', '42', '+234 42'),
(803, 234, 'Gombe', '72', '+234 72'),
(804, 234, 'Gusau', '63', '+234 63'),
(805, 234, 'Hadejia', '78', '+234 78'),
(806, 234, 'Ibadan', '2', '+234 2'),
(807, 234, 'Ijebu Ode', '37', '+234 37'),
(808, 234, 'Ikare', '50', '+234 50'),
(809, 234, 'Ile Ife', '36', '+234 36'),
(810, 234, 'Ilorin', '31', '+234 31'),
(811, 234, 'Jalingo', '79', '+234 79'),
(812, 234, 'Jos', '73', '+234 73'),
(813, 234, 'Kaduna', '62', '+234 62'),
(814, 234, 'Kafanchau', '61', '+234 61'),
(815, 234, 'Kano', '64', '+234 64'),
(816, 234, 'Kano Nigeria', '64', '+234 64'),
(817, 234, 'Katsina', '65', '+234 65'),
(818, 234, 'Kontagora', '67', '+234 67'),
(819, 234, 'Lafia', '47', '+234 47'),
(820, 234, 'Lagos', '1', '+234 1'),
(821, 234, 'Lokoja', '58', '+234 58'),
(822, 234, 'Maiduguri', '76', '+234 76'),
(823, 234, 'Makurdi', '44', '+234 44'),
(824, 234, 'Minna', '66', '+234 66'),
(825, 234, 'New Bussa', '33', '+234 33'),
(826, 234, 'Niger Sate', '66', '+234 66'),
(827, 234, 'Ogoja', '45', '+234 45'),
(828, 234, 'Okitipupa', '59', '+234 59'),
(829, 234, 'Onitsha', '46', '+234 46'),
(830, 234, 'Oshogbo', '35', '+234 35'),
(831, 234, 'Owerri', '83', '+234 83'),
(832, 234, 'Owo', '51', '+234 51'),
(833, 234, 'Oyo', '38', '+234 38'),
(834, 234, 'Pank Shin', '70', '+234 70'),
(835, 234, 'Port Harcourt', '84', '+234 84'),
(836, 234, 'Sapele', '54', '+234 54'),
(837, 234, 'Sokobo', '60', '+234 60'),
(838, 234, 'Umuahia', '88', '+234 88'),
(839, 234, 'Uyo', '85', '+234 85'),
(840, 234, 'Warri', '53', '+234 53'),
(841, 234, 'Wukari', '41', '+234 41'),
(842, 234, 'Yenegoa', '89', '+234 89'),
(843, 234, 'Yola', '75', '+234 75'),
(844, 234, 'Zaria', '69', '+234 69'),
(845, 52, 'Acapulco', '744', '+52 744'),
(846, 52, 'Aguascalientes', '449', '+52 449'),
(847, 52, 'Cabo San Lucas', '624', '+52 624'),
(848, 52, 'Campeche', '981', '+52 981'),
(849, 52, 'Canc', '998', '+52 998'),
(850, 52, 'Celaya', '461', '+52 461'),
(851, 52, 'Chihuahua', '614', '+52 614'),
(852, 52, 'Ciudad del Carmen', '938', '+52 938'),
(853, 52, 'Ciudad Ju', '656', '+52 656'),
(854, 52, 'Cozumel', '987', '+52 987'),
(855, 52, 'Cuernavaca', '777', '+52 777'),
(856, 52, 'Culiac', '667', '+52 667'),
(857, 52, 'Durango', '618', '+52 618'),
(858, 52, 'Ensenada', '646', '+52 646'),
(859, 52, 'Guadalajara', '33', '+52 33'),
(860, 52, 'Hermosillo', '662', '+52 662'),
(861, 52, 'Irapuato', '462', '+52 462'),
(862, 52, 'Ixtapa', '961', '+52 961'),
(863, 52, 'Jalapa Enr', '932', '+52 932'),
(864, 52, 'Juchit', '971', '+52 971'),
(865, 52, 'Le', '477', '+52 477'),
(866, 52, 'Los Mochis', '668', '+52 668'),
(867, 52, 'Matamoros', '871', '+52 871'),
(868, 52, 'Mazatl', '669', '+52 669'),
(869, 52, 'M', '999', '+52 999'),
(870, 52, 'Mexicali', '686', '+52 686'),
(871, 52, 'Mexico City', '55', '+52 55'),
(872, 52, 'Monterrey', '81', '+52 81'),
(873, 52, 'Morelia', '443', '+52 443'),
(874, 52, 'Nogales', '631', '+52 631'),
(875, 52, 'Nuevo Laredo', '867', '+52 867'),
(876, 52, 'Oaxaca de Ju', '951', '+52 951'),
(877, 52, 'Playa del Carmen', '984', '+52 984'),
(878, 52, 'Progreso', '861', '+52 861'),
(879, 52, 'Puebla', '222', '+52 222'),
(880, 52, 'Puerto Vallarta', '322', '+52 322'),
(881, 52, 'Reynosa', '899', '+52 899'),
(882, 52, 'Saltillo', '844', '+52 844'),
(883, 52, 'San Luis Potos', '444', '+52 444'),
(884, 52, 'Tampico', '833', '+52 833'),
(885, 52, 'Tijuana', '664', '+52 664'),
(886, 52, 'Toluca', '815', '+52 815'),
(887, 52, 'Torre', '871', '+52 871'),
(888, 52, 'Veracruz', '229', '+52 229'),
(889, 52, 'Villahermosa', '993', '+52 993'),
(890, 53, 'Abreus', '43', '+53 43'),
(891, 53, 'Aguacate', '64', '+53 64'),
(892, 53, 'Aguada de Pasajeros', '43', '+53 43'),
(893, 53, 'Alqu', '67', '+53 67'),
(894, 53, 'Alto Cedro', '24', '+53 24'),
(895, 53, 'Amancio', '31', '+53 31'),
(896, 53, 'Antilla', '24', '+53 24'),
(897, 53, 'Artemisa', '63', '+53 63'),
(898, 53, 'Baguanos', '24', '+53 24'),
(899, 53, 'Bahia Honda', '86', '+53 86'),
(900, 53, 'Banes', '24', '+53 24'),
(901, 53, 'Baragua', '33', '+53 33'),
(902, 53, 'Bartle', '31', '+53 31'),
(903, 53, 'Bartolome Maso', '23', '+53 23'),
(904, 53, 'Bataban', '62', '+53 62'),
(905, 53, 'Batalla de Las Guasimas', '32', '+53 32'),
(906, 53, 'Bauta', '680', '+53 680'),
(907, 53, 'Bayamo', '23', '+53 23'),
(908, 53, 'Bejucal', '66', '+53 66'),
(909, 53, 'Biran', '24', '+53 24'),
(910, 53, 'Boca de Jaruco', '6929', '+53 6929'),
(911, 53, 'Bolivia', '33', '+53 33'),
(912, 53, 'Brasil', '32', '+53 32'),
(913, 53, 'Buey Arriba', '23', '+53 23'),
(914, 53, 'Caba', '63', '+53 63'),
(915, 53, 'Cacocum', '24', '+53 24'),
(916, 53, 'Caimito del Guayabal', '680', '+53 680'),
(917, 53, 'Calimete', '5', '+53 5'),
(918, 53, 'Calixto Garcia', '24', '+53 24'),
(919, 53, 'Camaguey', '32', '+53 32'),
(920, 53, 'Camalote', '32', '+53 32'),
(921, 53, 'Camarioca', '5', '+53 5'),
(922, 53, 'Camilo Cienfuegos', '692', '+53 692'),
(923, 53, 'Camino', '61', '+53 61'),
(924, 53, 'Campechuela', '23', '+53 23'),
(925, 53, 'Canas', '6929', '+53 6929'),
(926, 53, 'Candido Gonzalez', '32', '+53 32'),
(927, 53, 'C', '45', '+53 45'),
(928, 53, 'Cascorro', '32', '+53 32'),
(929, 53, 'Catalina de G', '62', '+53 62'),
(930, 53, 'Cauto Cristo', '23', '+53 23'),
(931, 53, 'Cayo Coco', '33', '+53 33'),
(932, 53, 'Cayo Largo', '5', '+53 5'),
(933, 53, 'Ceba Mocha', '5', '+53 5'),
(934, 53, 'Ceballos', '33', '+53 33'),
(935, 53, 'Ceiba Nuevo', '680', '+53 680'),
(936, 53, 'Cespedes', '32', '+53 32'),
(937, 53, 'Chambas', '33', '+53 33'),
(938, 53, 'Chile', '22', '+53 22'),
(939, 53, 'Cidra', '5', '+53 5'),
(940, 53, 'Ciego de ', '33', '+53 33'),
(941, 53, 'Ci', '59', '+53 59'),
(942, 53, 'Cienfuegos', '432', '+53 432'),
(943, 53, 'Ciro Redondo', '33', '+53 33'),
(944, 53, 'Col', '5', '+53 5'),
(945, 53, 'Communidad Pueblo Nuevo', '32', '+53 32'),
(946, 53, 'Consolaci', '8', '+53 8'),
(947, 53, 'Contramaestre', '22', '+53 22'),
(948, 53, 'Cort', '84', '+53 84'),
(949, 53, 'Cristino Naranjo', '24', '+53 24'),
(950, 53, 'Cueto', '24', '+53 24'),
(951, 53, 'Dos Caminos de San Luis', '22', '+53 22'),
(952, 53, 'El Cobre', '22', '+53 22'),
(953, 53, 'El Cristo', '22', '+53 22'),
(954, 53, 'Enrique Varona', '33', '+53 33'),
(955, 53, 'Entronque de Herradura', '8', '+53 8'),
(956, 53, 'Felton', '24', '+53 24'),
(957, 53, 'Florencia', '33', '+53 33'),
(958, 53, 'Florida', '32', '+53 32'),
(959, 53, 'Floro Perez', '24', '+53 24'),
(960, 53, 'Frank Pais', '24', '+53 24'),
(961, 53, 'Gibara', '24', '+53 24'),
(962, 53, 'Gramma', '23', '+53 23'),
(963, 53, 'Guaimaro', '32', '+53 32'),
(964, 53, 'Guanajay', '686', '+53 686'),
(965, 53, 'Guane', '84', '+53 84'),
(966, 53, 'Guant', '21', '+53 21'),
(967, 53, 'Guantanamo Bay Naval Air Stati', '21', '+53 21'),
(968, 53, 'Guardalavaca', '24', '+53 24'),
(969, 53, 'Guaro', '24', '+53 24'),
(970, 53, 'Guatemala', '24', '+53 24'),
(971, 53, 'Guayabal', '31', '+53 31'),
(972, 53, 'Guayacanas', '33', '+53 33'),
(973, 53, 'G', '62', '+53 62'),
(974, 53, 'G', '67', '+53 67'),
(975, 53, 'Guisa', '23', '+53 23'),
(976, 53, 'Haiti', '32', '+53 32'),
(977, 53, 'Havana', '7', '+53 7'),
(978, 53, 'Havana (Ciudad La Habana)', '7', '+53 7'),
(979, 53, 'Holguin', '24', '+53 24'),
(980, 53, 'Imias', '32', '+53 32'),
(981, 53, 'Isabel Rubio', '84', '+53 84'),
(982, 53, 'Isla de la Juventud', '61', '+53 61'),
(983, 53, 'Jag', '59', '+53 59'),
(984, 53, 'Jaruco', '64', '+53 64'),
(985, 53, 'Jiguani', '23', '+53 23'),
(986, 53, 'Jimaguayu', '32', '+53 32'),
(987, 53, 'Jobabo', '31', '+53 31'),
(988, 53, 'Jovellanos', '5', '+53 5'),
(989, 53, 'Jucaro', '33', '+53 33'),
(990, 53, 'Julio Antonio Mella', '225', '+53 225'),
(991, 53, 'La Boca', '31', '+53 31'),
(992, 53, 'La Coloma', '8', '+53 8'),
(993, 53, 'La Demajagua', '61', '+53 61'),
(994, 53, 'La F', '61', '+53 61'),
(995, 53, 'La Jagua', '32', '+53 32'),
(996, 53, 'La Reforma', '61', '+53 61'),
(997, 53, 'La Salud', '66', '+53 66'),
(998, 53, 'La Victoria', '61', '+53 61'),
(999, 53, 'Las Martinas', '84', '+53 84'),
(1000, 53, 'Las Mercedes', '23', '+53 23'),
(1001, 53, 'Las Ovas', '8', '+53 8'),
(1002, 53, 'Las Parras', '31', '+53 31'),
(1003, 53, 'Las Tunas', '31', '+53 31'),
(1004, 53, 'Limonar', '5', '+53 5'),
(1005, 53, 'Lopez Pe', '85', '+53 85'),
(1006, 53, 'Los Palacios', '8', '+53 8'),
(1007, 53, 'Los Reynaldos', '22', '+53 22'),
(1008, 53, 'Lugare', '32', '+53 32'),
(1009, 53, 'Mabay', '23', '+53 23'),
(1010, 53, 'Maceo', '24', '+53 24'),
(1011, 53, 'Madruga', '64', '+53 64'),
(1012, 53, 'Majagua', '33', '+53 33'),
(1013, 53, 'Majibacoa', '31', '+53 31'),
(1014, 53, 'Manati', '31', '+53 31'),
(1015, 53, 'Mangos de Baragua', '225', '+53 225'),
(1016, 53, 'Mantua', '84', '+53 84'),
(1017, 53, 'Manzanillo', '23', '+53 23'),
(1018, 53, 'Marcane', '24', '+53 24'),
(1019, 53, 'Marea de Portillo', '23', '+53 23'),
(1020, 53, 'Mariel', '63', '+53 63'),
(1021, 53, 'Mart', '5', '+53 5'),
(1022, 53, 'Matanzas', '52', '+53 52'),
(1023, 53, 'Mayari', '24', '+53 24'),
(1024, 53, 'Media Luna', '23', '+53 23'),
(1025, 53, 'Melena del Sur', '62', '+53 62'),
(1026, 53, 'Menendez', '31', '+53 31'),
(1027, 53, 'Minas', '32', '+53 32'),
(1028, 53, 'Minas de Matahumbre', '8', '+53 8'),
(1029, 53, 'Mir', '24', '+53 24'),
(1030, 53, 'Miraflores', '338', '+53 338'),
(1031, 53, 'Moa', '24', '+53 24'),
(1032, 53, 'MOBILE PHONES', '789', '+53 789'),
(1033, 53, 'Najasa', '32', '+53 32'),
(1034, 53, 'Neuvitas', '32', '+53 32'),
(1035, 53, 'Nicaragua', '32', '+53 32'),
(1036, 53, 'Nicaro', '24', '+53 24'),
(1037, 53, 'Niquero', '23', '+53 23'),
(1038, 53, 'Nueva', '62', '+53 62'),
(1039, 53, 'Nueva Gerona', '61', '+53 61'),
(1040, 53, 'Nueva Paz', '62', '+53 62'),
(1041, 53, 'Omaja', '31', '+53 31'),
(1042, 53, 'Orlando Gonzalez', '33', '+53 33'),
(1043, 53, 'Pablo de Torriente', '86', '+53 86'),
(1044, 53, 'Palma Soriano', '225', '+53 225'),
(1045, 53, 'Pedro Betancourt', '5', '+53 5'),
(1046, 53, 'Peralejo', '23', '+53 23'),
(1047, 53, 'Pilon', '23', '+53 23'),
(1048, 53, 'Pinar del Rio', '82', '+53 82'),
(1049, 53, 'Playa Baracoa', '680', '+53 680'),
(1050, 53, 'Playa Gar', '5', '+53 5'),
(1051, 53, 'Playa Gir', '5', '+53 5'),
(1052, 53, 'Playa Santa Lucia', '32', '+53 32'),
(1053, 53, 'Primero de Enero', '33', '+53 33'),
(1054, 53, 'Puerto Esperanza', '8', '+53 8'),
(1055, 53, 'Puerto Marti', '31', '+53 31'),
(1056, 53, 'Puerto Padre', '31', '+53 31'),
(1057, 53, 'Quivic', '67', '+53 67'),
(1058, 53, 'Rafael Freyre', '24', '+53 24'),
(1059, 53, 'Rio Cauto', '23', '+53 23'),
(1060, 53, 'Rodolfo Ramirez Esquivel', '32', '+53 32'),
(1061, 53, 'Ruta Invasora', '33', '+53 33'),
(1062, 53, 'S', '84', '+53 84'),
(1063, 53, 'Sagua de Tanamo', '24', '+53 24'),
(1064, 53, 'San Antonio de Las Vegas', '64', '+53 64'),
(1065, 53, 'San Antonio de Los Ba', '650', '+53 650'),
(1066, 53, 'San Jose de Las Lajas', '64', '+53 64'),
(1067, 53, 'San Juan y Mart', '8', '+53 8'),
(1068, 53, 'San Nicol', '62', '+53 62'),
(1069, 53, 'Sancti Sp', '41', '+53 41'),
(1070, 53, 'Sanguili', '33', '+53 33'),
(1071, 53, 'Santa Cruz del Norte', '692', '+53 692'),
(1072, 53, 'Santa Cruz del Sur', '32', '+53 32'),
(1073, 53, 'Santiago de Cuba', '226', '+53 226'),
(1074, 53, 'Sibanicu', '32', '+53 32'),
(1075, 53, 'Siboney', '32', '+53 32'),
(1076, 53, 'Silvio Caro', '63', '+53 63'),
(1077, 53, 'Sola', '32', '+53 32'),
(1078, 53, 'Tacajo', '24', '+53 24'),
(1079, 53, 'Tamarindo', '33', '+53 33'),
(1080, 53, 'Tapaste', '64', '+53 64'),
(1081, 53, 'Uni', '5', '+53 5'),
(1082, 53, 'Urbano Noris', '24', '+53 24'),
(1083, 53, 'Varadero', '5', '+53 5'),
(1084, 53, 'Vasquez', '31', '+53 31'),
(1085, 53, 'Velasco', '24', '+53 24'),
(1086, 53, 'Venezuela', '33', '+53 33'),
(1087, 53, 'Vertientes', '32', '+53 32'),
(1088, 53, 'Villa Clara', '42', '+53 42'),
(1089, 53, 'Vi', '8', '+53 8'),
(1090, 53, 'Yado del Yeso', '23', '+53 23'),
(1091, 53, 'Yara', '23', '+53 23'),
(1092, 53, 'Yarual', '338', '+53 338'),
(1093, 55, 'Alagoinhas', '75', '+55 75'),
(1094, 55, 'Alexandria', '859', '+55 859'),
(1095, 55, 'An', '62', '+55 62'),
(1096, 55, 'Aracaju', '79', '+55 79'),
(1097, 55, 'Araguaina', '63', '+55 63'),
(1098, 55, 'Barreiras', '77', '+55 77'),
(1099, 55, 'Bauru', '14', '+55 14'),
(1100, 55, 'Bel', '91', '+55 91'),
(1101, 55, 'Belo Horizonte', '31', '+55 31'),
(1102, 55, 'Blumenau', '47', '+55 47'),
(1103, 55, 'Boa Vista', '95', '+55 95'),
(1104, 55, 'Brasilia', '61', '+55 61'),
(1105, 55, 'Campina Grande', '83', '+55 83'),
(1106, 55, 'Campinas', '19', '+55 19'),
(1107, 55, 'Campo Grande', '67', '+55 67'),
(1108, 55, 'Campos', '22', '+55 22'),
(1109, 55, 'Caruaru', '81', '+55 81'),
(1110, 55, 'Caxias do Sul', '54', '+55 54'),
(1111, 55, 'Cuiaba', '65', '+55 65'),
(1112, 55, 'Curitiba', '41', '+55 41'),
(1113, 55, 'Feira de Santana', '75', '+55 75'),
(1114, 55, 'Fernando de Noronha', '81', '+55 81'),
(1115, 55, 'Florianopolis', '48', '+55 48'),
(1116, 55, 'Fortaleza', '85', '+55 85'),
(1117, 55, 'Garanhuns', '81', '+55 81'),
(1118, 55, 'Goiania', '62', '+55 62'),
(1119, 55, 'Governador Valadares', '33', '+55 33'),
(1120, 55, 'Ilheus', '73', '+55 73'),
(1121, 55, 'Itabuna', '73', '+55 73'),
(1122, 55, 'Jequie', '73', '+55 73'),
(1123, 55, 'Joao Pessoa', '83', '+55 83'),
(1124, 55, 'Joinville', '47', '+55 47'),
(1125, 55, 'Juazeiro do Norte', '74', '+55 74'),
(1126, 55, 'Juiz de Fora', '32', '+55 32'),
(1127, 55, 'Londrina', '43', '+55 43'),
(1128, 55, 'Macapa', '96', '+55 96'),
(1129, 55, 'Maceio', '82', '+55 82'),
(1130, 55, 'Manaus', '92', '+55 92'),
(1131, 55, 'Medina', '830', '+55 830'),
(1132, 55, 'Montes Claros', '38', '+55 38'),
(1133, 55, 'Montezuma', '478', '+55 478'),
(1134, 55, 'Mossoro', '84', '+55 84'),
(1135, 55, 'Natal', '84', '+55 84'),
(1136, 55, 'Niteroi', '21', '+55 21'),
(1137, 55, 'Palmas', '63', '+55 63'),
(1138, 55, 'Panama', '712', '+55 712'),
(1139, 55, 'Parnaiba', '86', '+55 86'),
(1140, 55, 'Passo Fundo', '54', '+55 54'),
(1141, 55, 'Pelotas', '532', '+55 532'),
(1142, 55, 'Ponta Grossa', '42', '+55 42'),
(1143, 55, 'Porto Alegre', '51', '+55 51'),
(1144, 55, 'Porto Velho', '69', '+55 69'),
(1145, 55, 'Recife', '81', '+55 81'),
(1146, 55, 'Ribeir', '16', '+55 16'),
(1147, 55, 'Rio Branco', '68', '+55 68'),
(1148, 55, 'Rio de Janeiro', '21', '+55 21'),
(1149, 55, 'Rio Grande', '53', '+55 53'),
(1150, 55, 'Sacramento', '916', '+55 916'),
(1151, 55, 'Salinas', '408', '+55 408'),
(1152, 55, 'Salvador', '71', '+55 71'),
(1153, 55, 'Santa Cruz', '831', '+55 831'),
(1154, 55, 'Santa Fe', '505', '+55 505'),
(1155, 55, 'Santa Maria', '34', '+55 34'),
(1156, 55, 'Santa Rosa', '707', '+55 707'),
(1157, 55, 'Santo Andr', '11', '+55 11'),
(1158, 55, 'Santos', '13', '+55 13'),
(1159, 55, 'S', '17', '+55 17'),
(1160, 55, 'S', '12', '+55 12'),
(1161, 55, 'S', '98', '+55 98'),
(1162, 55, 'S', '11', '+55 11'),
(1163, 55, 'Sobral', '88', '+55 88'),
(1164, 55, 'Sorocaba', '15', '+55 15'),
(1165, 55, 'Teofilo Otoni', '33', '+55 33'),
(1166, 55, 'Teresina', '86', '+55 86'),
(1167, 55, 'Timbo', '870', '+55 870'),
(1168, 55, 'Uberaba', '34', '+55 34'),
(1169, 55, 'Uberlandia', '34', '+55 34'),
(1170, 55, 'Uruguaiana', '55', '+55 55'),
(1171, 55, 'Valparaiso', '850', '+55 850'),
(1172, 55, 'Vitoria', '27', '+55 27'),
(1173, 55, 'Vitoria da Conquista', '77', '+55 77'),
(1174, 55, 'Volta Redonda', '24', '+55 24'),
(1175, 54, 'Bah', '291', '+54 291'),
(1176, 54, 'Buenos Aires', '11', '+54 11'),
(1177, 54, 'Comodoro Rivadavia', '297', '+54 297'),
(1178, 54, 'Concordia', '345', '+54 345'),
(1179, 54, 'C', '351', '+54 351'),
(1180, 54, 'Corrientes', '3783', '+54 3783'),
(1181, 54, 'Formosa', '3717', '+54 3717'),
(1182, 54, 'Jes', '3525', '+54 3525'),
(1183, 54, 'Jun', '2362', '+54 2362'),
(1184, 54, 'La Plata', '221', '+54 221'),
(1185, 54, 'La Rioja', '3822', '+54 3822'),
(1186, 54, 'Mar del Plata', '223', '+54 223'),
(1187, 54, 'Mendoza', '261', '+54 261'),
(1188, 54, 'Mercedes', '2324', '+54 2324'),
(1189, 54, 'Neuqu', '299', '+54 299'),
(1190, 54, 'Paran', '343', '+54 343'),
(1191, 54, 'Posadas', '3752', '+54 3752'),
(1192, 54, 'Resistencia', '3722', '+54 3722'),
(1193, 54, 'R', '358', '+54 358'),
(1194, 54, 'R', '2966', '+54 2966'),
(1195, 54, 'Rosario', '341', '+54 341'),
(1196, 54, 'Salta', '387', '+54 387'),
(1197, 54, 'San Francisco', '628', '+54 628'),
(1198, 54, 'San Juan', '264', '+54 264'),
(1199, 54, 'San Luis', '2652', '+54 2652'),
(1200, 54, 'San Mart', '408', '+54 408'),
(1201, 54, 'San Nicol', '3461', '+54 3461'),
(1202, 54, 'San Pedro', '424', '+54 424'),
(1203, 54, 'San Rafael', '2627', '+54 2627'),
(1204, 54, 'Santa Fe', '342', '+54 342'),
(1205, 54, 'Santa Rosa', '2954', '+54 2954'),
(1206, 54, 'Santiago del Estero', '385', '+54 385'),
(1207, 54, 'Santo Tom', '3756', '+54 3756'),
(1208, 54, 'Tandil', '2293', '+54 2293'),
(1209, 54, 'Trelew/Rawson', '2965', '+54 2965'),
(1210, 54, 'Ushuaia', '2901', '+54 2901'),
(1211, 54, 'Viedma', '2920', '+54 2920'),
(1212, 54, 'Z', '3487', '+54 3487'),
(1213, 61, 'Adelaide', '8', '+61 8'),
(1214, 61, 'Albury', '2', '+61 2'),
(1215, 61, 'Alice Springs', '8', '+61 8'),
(1216, 61, 'Ballarat', '3', '+61 3'),
(1217, 61, 'Bendigo', '3', '+61 3'),
(1218, 61, 'Brisbane', '7', '+61 7'),
(1219, 61, 'Bunbury', '8', '+61 8'),
(1220, 61, 'Bundaberg', '7', '+61 7'),
(1221, 61, 'Cairns', '7', '+61 7'),
(1222, 61, 'Canberra', '2', '+61 2'),
(1223, 61, 'Coffs Harbour', '2', '+61 2'),
(1224, 61, 'Darwin', '8', '+61 8'),
(1225, 61, 'Forrest', '815', '+61 815'),
(1226, 61, 'Geelong', '3', '+61 3'),
(1227, 61, 'Gibson', '706', '+61 706'),
(1228, 61, 'Gold Coast', '7', '+61 7'),
(1229, 61, 'Hamilton', '620', '+61 620'),
(1230, 61, 'Hobart', '3', '+61 3'),
(1231, 61, 'Kingston', '770', '+61 770'),
(1232, 61, 'Launceston', '3', '+61 3'),
(1233, 61, 'Mackay', '7', '+61 7'),
(1234, 61, 'Macquarie Island', '13', '+61 13'),
(1235, 61, 'Marion', '765', '+61 765'),
(1236, 61, 'Melbourne', '3', '+61 3'),
(1237, 61, 'Newcastle', '2', '+61 2'),
(1238, 61, 'Perth', '8', '+61 8'),
(1239, 61, 'Portland', '207', '+61 207'),
(1240, 61, 'Richmond', '765', '+61 765'),
(1241, 61, 'Rockhampton', '7', '+61 7'),
(1242, 61, 'Sydney', '2', '+61 2'),
(1243, 61, 'Townsville', '7', '+61 7'),
(1244, 61, 'Warwick', '229', '+61 229'),
(1245, 61, 'Wollongong', '2', '+61 2'),
(1246, 61, 'Young', '928', '+61 928'),
(1247, 64, 'Auckland', '9', '+64 9'),
(1248, 64, 'Chatham Islands', '3', '+64 3'),
(1249, 64, 'Christchurch', '3', '+64 3'),
(1250, 64, 'Dunedin', '3', '+64 3'),
(1251, 64, 'Hamilton', '7', '+64 7'),
(1252, 64, 'Hastings', '6', '+64 6'),
(1253, 64, 'Invercargill', '3', '+64 3'),
(1254, 64, 'Napier', '6', '+64 6'),
(1255, 64, 'Nelson', '3', '+64 3'),
(1256, 64, 'New Plymouth', '6', '+64 6'),
(1257, 64, 'Palmerston North', '6', '+64 6'),
(1258, 64, 'Richmond', '765', '+64 765'),
(1259, 64, 'Tauranga Harbour', '7', '+64 7'),
(1260, 64, 'Timaru', '3', '+64 3'),
(1261, 64, 'Wellington', '4', '+64 4'),
(1262, 64, 'Westport', '812', '+64 812'),
(1263, 33, 'Aix en Provence', '4', '+33 4'),
(1264, 33, 'Ajaccio', '4', '+33 4'),
(1265, 33, 'Angers', '2', '+33 2'),
(1266, 33, 'Bastia', '4', '+33 4'),
(1267, 33, 'Besan', '3', '+33 3'),
(1268, 33, 'Bordeaux', '5', '+33 5'),
(1269, 33, 'Brest', '2', '+33 2'),
(1270, 33, 'Caen', '2', '+33 2'),
(1271, 33, 'Clermont Ferrand', '4', '+33 4'),
(1272, 33, 'Dijon', '3', '+33 3');
INSERT INTO `country_city` (`country_sk`, `country`, `city`, `area_code`, `dialing_code`) VALUES
(1273, 33, 'Grenoble', '4', '+33 4'),
(1274, 33, 'Istres', '4', '+33 4'),
(1275, 33, 'Le Havre', '2', '+33 2'),
(1276, 33, 'Le Mans', '2', '+33 2'),
(1277, 33, 'Lens', '3', '+33 3'),
(1278, 33, 'Lille', '3', '+33 3'),
(1279, 33, 'Limoges', '5', '+33 5'),
(1280, 33, 'Lyon', '4', '+33 4'),
(1281, 33, 'Macon', '478', '+33 478'),
(1282, 33, 'Marseille', '4', '+33 4'),
(1283, 33, 'Montpellier', '4', '+33 4'),
(1284, 33, 'Mulhouse', '3', '+33 3'),
(1285, 33, 'Nancy', '3', '+33 3'),
(1286, 33, 'Nantes', '2', '+33 2'),
(1287, 33, 'Nice', '4', '+33 4'),
(1288, 33, 'Nimes', '4', '+33 4'),
(1289, 33, 'Orleans', '2', '+33 2'),
(1290, 33, 'Paris', '1', '+33 1'),
(1291, 33, 'Perpignan', '4', '+33 4'),
(1292, 33, 'Reims', '3', '+33 3'),
(1293, 33, 'Rennes', '2', '+33 2'),
(1294, 33, 'Rouen', '2', '+33 2'),
(1295, 33, 'Saint Denis', '1', '+33 1'),
(1296, 33, 'Saint Etienne du Rouvray', '4', '+33 4'),
(1297, 33, 'Strasbourg', '3', '+33 3'),
(1298, 33, 'Toulon', '4', '+33 4'),
(1299, 33, 'Toulouse', '5', '+33 5'),
(1300, 33, 'Tours', '2', '+33 2'),
(1301, 33, 'Versailles', '859', '+33 859'),
(1302, 33, 'Villeurbanne', '4', '+33 4'),
(1303, 7, 'Amursk', '416', '+7 416'),
(1304, 7, 'Anadyr', '42722', '+7 42722'),
(1305, 7, 'Arkhangelsk', '8182', '+7 8182'),
(1306, 7, 'Astrahanka', '8512', '+7 8512'),
(1307, 7, 'Astrakhan', '8512', '+7 8512'),
(1308, 7, 'Barnaul', '3852', '+7 3852'),
(1309, 7, 'Belgorod', '472', '+7 472'),
(1310, 7, 'Bryansk', '483', '+7 483'),
(1311, 7, 'Cheboksary', '8352', '+7 8352'),
(1312, 7, 'Chelyabinsk', '351', '+7 351'),
(1313, 7, 'Cherepovets', '820', '+7 820'),
(1314, 7, 'Cherkessk', '87822', '+7 87822'),
(1315, 7, 'Chita', '302', '+7 302'),
(1316, 7, 'Ekaterinburg', '343', '+7 343'),
(1317, 7, 'Gorno Altaysk', '388', '+7 388'),
(1318, 7, 'Groznyy', '871', '+7 871'),
(1319, 7, 'Irkutsk', '3952', '+7 3952'),
(1320, 7, 'Ivanovo', '493', '+7 493'),
(1321, 7, 'Izhevsk', '3412', '+7 3412'),
(1322, 7, 'Kaliningrad', '401', '+7 401'),
(1323, 7, 'Kaluga', '484', '+7 484'),
(1324, 7, 'Kazan', '843', '+7 843'),
(1325, 7, 'Kemerovo', '3842', '+7 3842'),
(1326, 7, 'Khabarovsk', '4212', '+7 4212'),
(1327, 7, 'Kirov', '833', '+7 833'),
(1328, 7, 'Kostroma', '494', '+7 494'),
(1329, 7, 'Krasnodar', '8612', '+7 8612'),
(1330, 7, 'Krasnoyarsk', '3912', '+7 3912'),
(1331, 7, 'Kurgan', '352', '+7 352'),
(1332, 7, 'Kursk', '471', '+7 471'),
(1333, 7, 'Lipetsk', '474', '+7 474'),
(1334, 7, 'Magadan', '41322', '+7 41322'),
(1335, 7, 'Mineral nyye Vody', '879', '+7 879'),
(1336, 7, 'Moscow', '495', '+7 495'),
(1337, 7, 'Murmansk', '8152', '+7 8152'),
(1338, 7, 'Naberezhnye Chelny', '8552', '+7 8552'),
(1339, 7, 'Norilsk', '39152', '+7 39152'),
(1340, 7, 'Novgorod', '81622', '+7 81622'),
(1341, 7, 'Novorossiysk', '86117', '+7 86117'),
(1342, 7, 'Novosibirsk', '383', '+7 383'),
(1343, 7, 'Omsk', '3812', '+7 3812'),
(1344, 7, 'Orel', '8262', '+7 8262'),
(1345, 7, 'Orenburg', '3532', '+7 3532'),
(1346, 7, 'Penza', '8412', '+7 8412'),
(1347, 7, 'Perm', '3422', '+7 3422'),
(1348, 7, 'Petropavlovsk Kamchatskiy', '4152', '+7 4152'),
(1349, 7, 'Petrozavodsk', '814', '+7 814'),
(1350, 7, 'Rostov', '863', '+7 863'),
(1351, 7, 'Ryazan', '491', '+7 491'),
(1352, 7, 'Samara', '8462', '+7 8462'),
(1353, 7, 'Saransk', '834', '+7 834'),
(1354, 7, 'Saratov', '8452', '+7 8452'),
(1355, 7, 'Smolensk', '481', '+7 481'),
(1356, 7, 'Sochi', '862', '+7 862'),
(1357, 7, 'St. Petersburg', '812', '+7 812'),
(1358, 7, 'Stavropol', '8652', '+7 8652'),
(1359, 7, 'Surgut', '3462', '+7 3462'),
(1360, 7, 'Syktyvkar', '821', '+7 821'),
(1361, 7, 'Tambov', '475', '+7 475'),
(1362, 7, 'Tomsk', '3822', '+7 3822'),
(1363, 7, 'Tula', '487', '+7 487'),
(1364, 7, 'Tura', '39113', '+7 39113'),
(1365, 7, 'Tver', '482', '+7 482'),
(1366, 7, 'Ufa', '3472', '+7 3472'),
(1367, 7, 'Ul''yanovsk', '8422', '+7 8422'),
(1368, 7, 'Ulan Ude', '3012', '+7 3012'),
(1369, 7, 'Ulyanovsk', '842', '+7 842'),
(1370, 7, 'Vladikavkaz', '867', '+7 867'),
(1371, 7, 'Vladimir', '492', '+7 492'),
(1372, 7, 'Vladivostok', '4232', '+7 4232'),
(1373, 7, 'Volgograd', '8442', '+7 8442'),
(1374, 7, 'Vologda', '817', '+7 817'),
(1375, 7, 'Voronezh', '473', '+7 473'),
(1376, 7, 'Yakutsk', '4112', '+7 4112'),
(1377, 7, 'Yaroslavl', '485', '+7 485'),
(1378, 7, 'Yekaterinburg', '343', '+7 343'),
(1379, 7, 'Yoshkar Ola', '836', '+7 836'),
(1380, 39, 'Alcamo', '924', '+39 924'),
(1381, 39, 'Alessandria', '131', '+39 131'),
(1382, 39, 'Ancona', '71', '+39 71'),
(1383, 39, 'Aosta', '165', '+39 165'),
(1384, 39, 'Ascoli Piceno', '736', '+39 736'),
(1385, 39, 'Bari', '80', '+39 80'),
(1386, 39, 'Bergamo', '35', '+39 35'),
(1387, 39, 'Bologna', '51', '+39 51'),
(1388, 39, 'Bolzano', '471', '+39 471'),
(1389, 39, 'Brescia', '30', '+39 30'),
(1390, 39, 'Brindisi', '831', '+39 831'),
(1391, 39, 'Brunico', '474', '+39 474'),
(1392, 39, 'Cagliari', '70', '+39 70'),
(1393, 39, 'Campobasso', '874', '+39 874'),
(1394, 39, 'Caserta', '823', '+39 823'),
(1395, 39, 'Cassino', '776', '+39 776'),
(1396, 39, 'Catania', '95', '+39 95'),
(1397, 39, 'Catanzaro', '961', '+39 961'),
(1398, 39, 'Chieti', '871', '+39 871'),
(1399, 39, 'Civitavecchia', '766', '+39 766'),
(1400, 39, 'Como', '31', '+39 31'),
(1401, 39, 'Cortina d Ampezzo', '436', '+39 436'),
(1402, 39, 'Cremona', '372', '+39 372'),
(1403, 39, 'Cuneo', '171', '+39 171'),
(1404, 39, 'Domodossola', '324', '+39 324'),
(1405, 39, 'Empoli', '571', '+39 571'),
(1406, 39, 'Ferrara', '532', '+39 532'),
(1407, 39, 'Florence', '55', '+39 55'),
(1408, 39, 'Foggia', '881', '+39 881'),
(1409, 39, 'Formia', '771', '+39 771'),
(1410, 39, 'Frosinone', '775', '+39 775'),
(1411, 39, 'Genoa', '10', '+39 10'),
(1412, 39, 'Gorizia', '481', '+39 481'),
(1413, 39, 'Grosseto', '564', '+39 564'),
(1414, 39, 'Imola', '542', '+39 542'),
(1415, 39, 'L Aquila', '862', '+39 862'),
(1416, 39, 'La Spezia', '187', '+39 187'),
(1417, 39, 'Lanciano', '872', '+39 872'),
(1418, 39, 'Lecce', '832', '+39 832'),
(1419, 39, 'Livorno', '586', '+39 586'),
(1420, 39, 'Lucca', '583', '+39 583'),
(1421, 39, 'Merano', '473', '+39 473'),
(1422, 39, 'Messina', '90', '+39 90'),
(1423, 39, 'Milan', '2', '+39 2'),
(1424, 39, 'Modena', '59', '+39 59'),
(1425, 39, 'Monza', '39', '+39 39'),
(1426, 39, 'Naples', '81', '+39 81'),
(1427, 39, 'Novara', '321', '+39 321'),
(1428, 39, 'Novi L', '143', '+39 143'),
(1429, 39, 'Nuoro', '784', '+39 784'),
(1430, 39, 'Orvieto', '763', '+39 763'),
(1431, 39, 'Palermo', '91', '+39 91'),
(1432, 39, 'Parma', '521', '+39 521'),
(1433, 39, 'Perugia', '75', '+39 75'),
(1434, 39, 'Pesaro', '721', '+39 721'),
(1435, 39, 'Pescara', '85', '+39 85'),
(1436, 39, 'Piacenza', '523', '+39 523'),
(1437, 39, 'Pisa', '50', '+39 50'),
(1438, 39, 'Pordenone', '434', '+39 434'),
(1439, 39, 'Potenza', '971', '+39 971'),
(1440, 39, 'Prato', '574', '+39 574'),
(1441, 39, 'Rapallo', '185', '+39 185'),
(1442, 39, 'Ravenna', '544', '+39 544'),
(1443, 39, 'Reggio Calabria', '965', '+39 965'),
(1444, 39, 'Reggio Emilia', '522', '+39 522'),
(1445, 39, 'Rieti', '746', '+39 746'),
(1446, 39, 'Rimini', '541', '+39 541'),
(1447, 39, 'Rome', '6', '+39 6'),
(1448, 39, 'Rovigo', '425', '+39 425'),
(1449, 39, 'Salerno', '89', '+39 89'),
(1450, 39, 'San Marino', '549', '+39 549'),
(1451, 39, 'San Remo', '184', '+39 184'),
(1452, 39, 'Sassari', '79', '+39 79'),
(1453, 39, 'Savona', '19', '+39 19'),
(1454, 39, 'Siena', '577', '+39 577'),
(1455, 39, 'Siracusa', '931', '+39 931'),
(1456, 39, 'Spoleto', '743', '+39 743'),
(1457, 39, 'Taranto', '99', '+39 99'),
(1458, 39, 'Teramo', '861', '+39 861'),
(1459, 39, 'Termoli', '875', '+39 875'),
(1460, 39, 'Terni', '744', '+39 744'),
(1461, 39, 'Tivoli', '774', '+39 774'),
(1462, 39, 'Trapani', '923', '+39 923'),
(1463, 39, 'Trento', '461', '+39 461'),
(1464, 39, 'Treviso', '422', '+39 422'),
(1465, 39, 'Trieste', '40', '+39 40'),
(1466, 39, 'Turin', '11', '+39 11'),
(1467, 39, 'Udine', '432', '+39 432'),
(1468, 39, 'Varese', '332', '+39 332'),
(1469, 39, 'Vasto', '873', '+39 873'),
(1470, 39, 'Vatican City', '6', '+39 6'),
(1471, 39, 'Venice', '41', '+39 41'),
(1472, 39, 'Verona', '45', '+39 45'),
(1473, 39, 'Vibo Valentia', '963', '+39 963'),
(1474, 39, 'Vicenza', '444', '+39 444'),
(1475, 39, 'Viterbo', '761', '+39 761'),
(1476, 34, 'Albacete', '967', '+34 967'),
(1477, 34, 'Alicante', '96', '+34 96'),
(1478, 34, 'Almer', '950', '+34 950'),
(1479, 34, '', '920', '+34 920'),
(1480, 34, 'Badajoz', '924', '+34 924'),
(1481, 34, 'Barcelona', '93', '+34 93'),
(1482, 34, 'Bilbao', '94', '+34 94'),
(1483, 34, 'Burgos', '947', '+34 947'),
(1484, 34, 'Caceres', '927', '+34 927'),
(1485, 34, 'Cadiz', '956', '+34 956'),
(1486, 34, 'Ceuta', '952', '+34 952'),
(1487, 34, 'Cordoba', '957', '+34 957'),
(1488, 34, 'Cuenca', '969', '+34 969'),
(1489, 34, 'Durango', '970', '+34 970'),
(1490, 34, 'Girona', '972', '+34 972'),
(1491, 34, 'Granada', '958', '+34 958'),
(1492, 34, 'Guadalajara', '949', '+34 949'),
(1493, 34, 'Huelva', '959', '+34 959'),
(1494, 34, 'Huesca', '974', '+34 974'),
(1495, 34, 'Jaen', '953', '+34 953'),
(1496, 34, 'La Coru', '81', '+34 81'),
(1497, 34, 'Las Palmas', '928', '+34 928'),
(1498, 34, 'Leon', '987', '+34 987'),
(1499, 34, 'Lerida', '973', '+34 973'),
(1500, 34, 'Lugo', '982', '+34 982'),
(1501, 34, 'Madrid', '91', '+34 91'),
(1502, 34, 'Malaga', '95', '+34 95'),
(1503, 34, 'Melilla', '952', '+34 952'),
(1504, 34, 'Murcia', '968', '+34 968'),
(1505, 34, 'Orense', '988', '+34 988'),
(1506, 34, 'Oviedo', '407', '+34 407'),
(1507, 34, 'Palma', '971', '+34 971'),
(1508, 34, 'Palma de Mallorca', '971', '+34 971'),
(1509, 34, 'Pamplona', '948', '+34 948'),
(1510, 34, 'Pontevedra', '986', '+34 986'),
(1511, 34, 'Salamanca', '923', '+34 923'),
(1512, 34, 'Santa Cruz', '922', '+34 922'),
(1513, 34, 'Santander', '942', '+34 942'),
(1514, 34, 'Sevilla', '95', '+34 95'),
(1515, 34, 'Tarragona', '977', '+34 977'),
(1516, 34, 'Tenerife', '922', '+34 922'),
(1517, 34, 'Toledo', '925', '+34 925'),
(1518, 34, 'Valencia', '96', '+34 96'),
(1519, 34, 'Valladolid', '983', '+34 983'),
(1520, 34, 'Zamora', '980', '+34 980'),
(1521, 34, 'Zaragoza', '976', '+34 976'),
(1522, 46, 'Alfta', '271', '+46 271'),
(1523, 46, 'Alings', '322', '+46 322'),
(1524, 46, '', '476', '+46 476'),
(1525, 46, 'Alunda', '174', '+46 174'),
(1526, 46, '', '251', '+46 251'),
(1527, 46, 'Alvesta', '472', '+46 472'),
(1528, 46, '', '929', '+46 929'),
(1529, 46, '', '532', '+46 532'),
(1530, 46, '', '690', '+46 690'),
(1531, 46, '', '431', '+46 431'),
(1532, 46, 'Arboga', '589', '+46 589'),
(1533, 46, '', '647', '+46 647'),
(1534, 46, '', '573', '+46 573'),
(1535, 46, 'Arjeplog', '961', '+46 961'),
(1536, 46, 'Arvidsjaur', '960', '+46 960'),
(1537, 46, 'Arvika', '570', '+46 570'),
(1538, 46, '', '474', '+46 474'),
(1539, 46, '', '941', '+46 941'),
(1540, 46, 'Askersund', '583', '+46 583'),
(1541, 46, '', '120', '+46 120'),
(1542, 46, 'Avesta', '226', '+46 226'),
(1543, 46, 'Backe', '624', '+46 624'),
(1544, 46, 'Bastutr', '915', '+46 915'),
(1545, 46, 'Bengtsfors', '531', '+46 531'),
(1546, 46, 'Bergsj', '652', '+46 652'),
(1547, 46, 'Bj', '662', '+46 662'),
(1548, 46, 'Bjurholm', '932', '+46 932'),
(1549, 46, 'Boden', '921', '+46 921'),
(1550, 46, 'Bolln', '278', '+46 278'),
(1551, 46, 'Bor', '33', '+46 33'),
(1552, 46, 'Borl', '243', '+46 243'),
(1553, 46, 'Br', '693', '+46 693'),
(1554, 46, 'Bredbyn', '661', '+46 661'),
(1555, 46, 'Burtr', '914', '+46 914'),
(1556, 46, 'Byske', '912', '+46 912'),
(1557, 46, 'Charlottenberg', '571', '+46 571'),
(1558, 46, 'Deje', '552', '+46 552'),
(1559, 46, 'Delsbo', '653', '+46 653'),
(1560, 46, 'Dorotea', '942', '+46 942'),
(1561, 46, 'Ed', '534', '+46 534'),
(1562, 46, 'Eksj', '381', '+46 381'),
(1563, 46, 'Emmaboda', '471', '+46 471'),
(1564, 46, 'Enk', '171', '+46 171'),
(1565, 46, 'Eskilstuna', '16', '+46 16'),
(1566, 46, 'Esl', '413', '+46 413'),
(1567, 46, 'Fagersta', '223', '+46 223'),
(1568, 46, 'Falkenberg', '346', '+46 346'),
(1569, 46, 'Falk', '515', '+46 515'),
(1570, 46, 'Falun', '23', '+46 23'),
(1571, 46, 'F', '528', '+46 528'),
(1572, 46, 'Filipstad', '590', '+46 590'),
(1573, 46, 'Finsp', '122', '+46 122'),
(1574, 46, 'Fjugesta', '585', '+46 585'),
(1575, 46, 'Flen', '157', '+46 157'),
(1576, 46, 'F', '645', '+46 645'),
(1577, 46, 'Fredrika', '943', '+46 943'),
(1578, 46, 'Furudal', '258', '+46 258'),
(1579, 46, 'Gaddede', '672', '+46 672'),
(1580, 46, 'Gagnef', '241', '+46 241'),
(1581, 46, 'G', '970', '+46 970'),
(1582, 46, 'Gamleby', '493', '+46 493'),
(1583, 46, 'G', '26', '+46 26'),
(1584, 46, 'Gislaved', '371', '+46 371'),
(1585, 46, 'Gnesta', '158', '+46 158'),
(1586, 46, 'G', '31', '+46 31'),
(1587, 46, 'Gothenburg', '31', '+46 31'),
(1588, 46, 'Gothenburg (G', '31', '+46 31'),
(1589, 46, 'Gotland', '498', '+46 498'),
(1590, 46, 'Gr', '390', '+46 390'),
(1591, 46, 'Gr', '514', '+46 514'),
(1592, 46, 'Grebbestad', '525', '+46 525'),
(1593, 46, 'Grums', '555', '+46 555'),
(1594, 46, 'Gullsp', '551', '+46 551'),
(1595, 46, 'Hagfors', '563', '+46 563'),
(1596, 46, 'Hakkas', '975', '+46 975'),
(1597, 46, 'H', '591', '+46 591'),
(1598, 46, 'Hallen', '643', '+46 643'),
(1599, 46, 'Hallsberg', '582', '+46 582'),
(1600, 46, 'Hallstahammar', '220', '+46 220'),
(1601, 46, 'Hallstavik', '175', '+46 175'),
(1602, 46, 'Halmstad', '35', '+46 35'),
(1603, 46, 'Hammarstrand', '696', '+46 696'),
(1604, 46, 'Hammerdal', '644', '+46 644'),
(1605, 46, 'Haparanda', '922', '+46 922'),
(1606, 46, 'Harads', '928', '+46 928'),
(1607, 46, 'H', '611', '+46 611'),
(1608, 46, 'H', '451', '+46 451'),
(1609, 46, 'Hede', '684', '+46 684'),
(1610, 46, 'Hedemora', '225', '+46 225'),
(1611, 46, 'Hedesunda', '291', '+46 291'),
(1612, 46, 'Helsingborg', '42', '+46 42'),
(1613, 46, 'Herrljunga', '513', '+46 513'),
(1614, 46, 'Hind', '301', '+46 301'),
(1615, 46, 'Hjo', '503', '+46 503'),
(1616, 46, 'Hofors', '290', '+46 290'),
(1617, 46, 'H', '415', '+46 415'),
(1618, 46, 'Hoting', '671', '+46 671'),
(1619, 46, 'Hudiksvall', '650', '+46 650'),
(1620, 46, 'Hultsfred', '495', '+46 495'),
(1621, 46, 'Hyltebruk', '345', '+46 345'),
(1622, 46, 'Idre', '253', '+46 253'),
(1623, 46, 'Jokkmokk', '971', '+46 971'),
(1624, 46, 'J', '36', '+46 36'),
(1625, 46, 'J', '916', '+46 916'),
(1626, 46, 'Junsele', '621', '+46 621'),
(1627, 46, 'Kalix', '923', '+46 923'),
(1628, 46, 'Kalmar', '480', '+46 480'),
(1629, 46, 'Karlholmsbruk', '294', '+46 294'),
(1630, 46, 'Karlsborg', '505', '+46 505'),
(1631, 46, 'Karlshamn', '454', '+46 454'),
(1632, 46, 'Karlskoga', '586', '+46 586'),
(1633, 46, 'Karlskrona', '455', '+46 455'),
(1634, 46, 'Karlstad', '54', '+46 54'),
(1635, 46, 'Katrineholm', '150', '+46 150'),
(1636, 46, 'Kil', '554', '+46 554'),
(1637, 46, 'Kinna', '320', '+46 320'),
(1638, 46, 'Kiruna', '980', '+46 980'),
(1639, 46, 'Kisa', '494', '+46 494'),
(1640, 46, 'Klippan', '435', '+46 435'),
(1641, 46, 'K', '221', '+46 221'),
(1642, 46, 'Kopparberg', '580', '+46 580'),
(1643, 46, 'Korpilombolo', '977', '+46 977'),
(1644, 46, 'Kramfors', '612', '+46 612'),
(1645, 46, 'Kristianstad', '44', '+46 44'),
(1646, 46, 'Kristinehamn', '550', '+46 550'),
(1647, 46, 'Krokom', '640', '+46 640'),
(1648, 46, 'Kung', '303', '+46 303'),
(1649, 46, 'Kungsbacka', '300', '+46 300'),
(1650, 46, 'Kungs', '227', '+46 227'),
(1651, 46, 'Laholm', '430', '+46 430'),
(1652, 46, 'Lakatr', '925', '+46 925'),
(1653, 46, 'Landskrona', '418', '+46 418'),
(1654, 46, 'Lax', '584', '+46 584'),
(1655, 46, 'Leksand', '247', '+46 247'),
(1656, 46, 'Lerum', '302', '+46 302'),
(1657, 46, 'Lessebo', '478', '+46 478'),
(1658, 46, 'Liden', '692', '+46 692'),
(1659, 46, 'Lidk', '510', '+46 510'),
(1660, 46, 'Lindesberg', '581', '+46 581'),
(1661, 46, 'Link', '13', '+46 13'),
(1662, 46, 'Lit', '642', '+46 642'),
(1663, 46, 'Ljungby', '372', '+46 372'),
(1664, 46, 'Ljusdal', '651', '+46 651'),
(1665, 46, 'Los', '657', '+46 657'),
(1666, 46, 'L', '913', '+46 913'),
(1667, 46, 'Ludvika', '240', '+46 240'),
(1668, 46, 'Lule', '920', '+46 920'),
(1669, 46, 'Lycksele', '950', '+46 950'),
(1670, 46, 'Lysekil', '523', '+46 523'),
(1671, 46, 'Mal', '953', '+46 953'),
(1672, 46, 'Malm', '40', '+46 40'),
(1673, 46, 'Malung', '280', '+46 280'),
(1674, 46, 'Mariannelund', '496', '+46 496'),
(1675, 46, 'Mariefred', '159', '+46 159'),
(1676, 46, 'Mariestad', '501', '+46 501'),
(1677, 46, 'Markaryd', '433', '+46 433'),
(1678, 46, 'Mellerud', '530', '+46 530'),
(1679, 46, 'Mj', '142', '+46 142'),
(1680, 46, 'Molkom', '553', '+46 553'),
(1681, 46, 'M', '499', '+46 499'),
(1682, 46, 'Motala', '141', '+46 141'),
(1683, 46, 'Mullsj', '392', '+46 392'),
(1684, 46, 'Munkedal', '524', '+46 524'),
(1685, 46, 'N', '622', '+46 622'),
(1686, 46, 'N', '380', '+46 380'),
(1687, 46, 'Nora', '587', '+46 587'),
(1688, 46, 'Nordmaling', '930', '+46 930'),
(1689, 46, 'Norrk', '11', '+46 11'),
(1690, 46, 'Norrt', '176', '+46 176'),
(1691, 46, 'Norsj', '918', '+46 918'),
(1692, 46, 'Nybro', '481', '+46 481'),
(1693, 46, 'Nyk', '155', '+46 155'),
(1694, 46, 'Ockelbo', '297', '+46 297'),
(1695, 46, '', '144', '+46 144'),
(1696, 46, '', '485', '+46 485'),
(1697, 46, '', '295', '+46 295'),
(1698, 46, '', '173', '+46 173'),
(1699, 46, '', '173', '+46 173'),
(1700, 46, '', '660', '+46 660'),
(1701, 46, 'Orust', '304', '+46 304'),
(1702, 46, 'Osby', '479', '+46 479'),
(1703, 46, 'Oskarshamn', '491', '+46 491'),
(1704, 46, '', '63', '+46 63'),
(1705, 46, '', '926', '+46 926'),
(1706, 46, '', '927', '+46 927'),
(1707, 46, 'Pajala', '978', '+46 978'),
(1708, 46, 'Pite', '911', '+46 911'),
(1709, 46, 'Porjus', '973', '+46 973'),
(1710, 46, 'Ramsele', '623', '+46 623'),
(1711, 46, 'R', '924', '+46 924'),
(1712, 46, 'R', '682', '+46 682'),
(1713, 46, 'R', '248', '+46 248'),
(1714, 46, 'Robertsfors', '934', '+46 934'),
(1715, 46, 'Ronneby', '457', '+46 457'),
(1716, 46, 'Ryd', '459', '+46 459'),
(1717, 46, 'S', '533', '+46 533'),
(1718, 46, 'Sala', '224', '+46 224'),
(1719, 46, 'S', '382', '+46 382'),
(1720, 46, 'Simrishamn', '414', '+46 414'),
(1721, 46, 'Sj', '416', '+46 416'),
(1722, 46, 'Skara', '511', '+46 511'),
(1723, 46, 'Skellefte', '910', '+46 910'),
(1724, 46, 'Skinnskatteberg', '222', '+46 222'),
(1725, 46, 'Sk', '500', '+46 500'),
(1726, 46, 'S', '270', '+46 270'),
(1727, 46, 'S', '121', '+46 121'),
(1728, 46, 'S', '8', '+46 8'),
(1729, 46, 'Sollefte', '620', '+46 620'),
(1730, 46, 'S', '456', '+46 456'),
(1731, 46, 'Sorsele', '952', '+46 952'),
(1732, 46, 'Stockholm', '8', '+46 8'),
(1733, 46, 'Storuman', '951', '+46 951'),
(1734, 46, 'Str', '152', '+46 152'),
(1735, 46, 'Str', '526', '+46 526'),
(1736, 46, 'Str', '670', '+46 670'),
(1737, 46, 'Stugun', '695', '+46 695'),
(1738, 46, 'Sundsvall', '60', '+46 60'),
(1739, 46, 'Sunne', '565', '+46 565'),
(1740, 46, 'Sv', '246', '+46 246'),
(1741, 46, 'Sveg', '680', '+46 680'),
(1742, 46, 'Svenljunga', '325', '+46 325'),
(1743, 46, 'Svenstavik', '687', '+46 687'),
(1744, 46, 'Syssleb', '564', '+46 564'),
(1745, 46, 'T', '954', '+46 954'),
(1746, 46, 'T', '292', '+46 292'),
(1747, 46, 'Tibro', '504', '+46 504'),
(1748, 46, 'Tidaholm', '502', '+46 502'),
(1749, 46, 'Tierp', '293', '+46 293'),
(1750, 46, 'Tingsryd', '477', '+46 477'),
(1751, 46, 'Tomelilla', '417', '+46 417'),
(1752, 46, 'T', '506', '+46 506'),
(1753, 46, 'Torpshammar', '691', '+46 691'),
(1754, 46, 'Tors', '486', '+46 486'),
(1755, 46, 'Torsby', '560', '+46 560'),
(1756, 46, 'Tran', '140', '+46 140'),
(1757, 46, 'Trelleborg', '410', '+46 410'),
(1758, 46, 'Trollh', '520', '+46 520'),
(1759, 46, 'Trosa', '156', '+46 156'),
(1760, 46, 'Uddevalla', '522', '+46 522'),
(1761, 46, 'Ull', '613', '+46 613'),
(1762, 46, 'Ulricehamn', '321', '+46 321'),
(1763, 46, 'Ume', '90', '+46 90'),
(1764, 46, 'Uppsala', '18', '+46 18'),
(1765, 46, 'Vadstena', '143', '+46 143'),
(1766, 46, 'Vaggeryd', '393', '+46 393'),
(1767, 46, 'Valdemarsvik', '123', '+46 123'),
(1768, 46, 'V', '521', '+46 521'),
(1769, 46, 'V', '935', '+46 935'),
(1770, 46, 'Vansbro', '281', '+46 281'),
(1771, 46, 'Vara', '512', '+46 512'),
(1772, 46, 'Varberg', '340', '+46 340'),
(1773, 46, 'V', '370', '+46 370'),
(1774, 46, 'V', '21', '+46 21'),
(1775, 46, 'V', '490', '+46 490'),
(1776, 46, 'V', '470', '+46 470'),
(1777, 46, 'Vetlanda', '383', '+46 383'),
(1778, 46, 'Vikbolandet', '125', '+46 125'),
(1779, 46, 'Vilhelmina', '940', '+46 940'),
(1780, 46, 'Vimmerby', '492', '+46 492'),
(1781, 46, 'Vindeln', '933', '+46 933'),
(1782, 46, 'Ving', '151', '+46 151'),
(1783, 46, 'Vittangi', '981', '+46 981'),
(1784, 46, 'Vuollerim', '976', '+46 976'),
(1785, 46, 'Ystad', '411', '+46 411'),
(1786, 43, 'Graz', '316', '+43 316'),
(1787, 43, 'Innsbruck', '512', '+43 512'),
(1788, 43, 'Klagenfurt', '463', '+43 463'),
(1789, 43, 'Linz', '70', '+43 70'),
(1790, 43, 'Salzburg', '662', '+43 662'),
(1791, 43, 'Vienna', '1', '+43 1'),
(1792, 43, 'Wels', '7242', '+43 7242'),
(1793, 43, 'Wiener Neustadt', '2622', '+43 2622'),
(1794, 90, 'Adana', '322', '+90 322'),
(1795, 90, 'Adapazari', '264', '+90 264'),
(1796, 90, 'Adiyaman', '416', '+90 416'),
(1797, 90, 'Afyon', '272', '+90 272'),
(1798, 90, 'Agri', '472', '+90 472'),
(1799, 90, 'Aksaray', '382', '+90 382'),
(1800, 90, 'Amasya', '358', '+90 358'),
(1801, 90, 'Ankara', '312', '+90 312'),
(1802, 90, 'Antalya', '242', '+90 242'),
(1803, 90, 'Ardahan', '478', '+90 478'),
(1804, 90, 'Artvin', '466', '+90 466'),
(1805, 90, 'Aydin', '256', '+90 256'),
(1806, 90, 'Balikesir', '266', '+90 266'),
(1807, 90, 'Bartin', '378', '+90 378'),
(1808, 90, 'Batman', '488', '+90 488'),
(1809, 90, 'Bayburt', '458', '+90 458'),
(1810, 90, 'Bilecik', '228', '+90 228'),
(1811, 90, 'Bingol', '426', '+90 426'),
(1812, 90, 'Bitus', '434', '+90 434'),
(1813, 90, 'Bolu', '374', '+90 374'),
(1814, 90, 'Burdur', '248', '+90 248'),
(1815, 90, 'Bursa', '224', '+90 224'),
(1816, 90, 'Canakkale', '286', '+90 286'),
(1817, 90, 'Cankiri', '376', '+90 376'),
(1818, 90, 'Corum', '364', '+90 364'),
(1819, 90, 'Denizli', '258', '+90 258'),
(1820, 90, 'Diyarbakir', '412', '+90 412'),
(1821, 90, 'Edirne', '284', '+90 284'),
(1822, 90, 'Elazig', '424', '+90 424'),
(1823, 90, 'Erzincan', '446', '+90 446'),
(1824, 90, 'Erzurum', '442', '+90 442'),
(1825, 90, 'Eskisehir', '222', '+90 222'),
(1826, 90, 'Gaziantep', '342', '+90 342'),
(1827, 90, 'Giresun', '454', '+90 454'),
(1828, 90, 'Gumushane', '456', '+90 456'),
(1829, 90, 'Hakkari', '438', '+90 438'),
(1830, 90, 'Hatay', '326', '+90 326'),
(1831, 90, 'Icel (Mersin)', '324', '+90 324'),
(1832, 90, 'Igdir', '476', '+90 476'),
(1833, 90, 'Isparta', '246', '+90 246'),
(1834, 90, 'Istanbul', '212', '+90 212'),
(1835, 90, 'Istanbul Asya (Asia side)', '216', '+90 216'),
(1836, 90, 'Istanbul Avrupa (Europe side)', '212', '+90 212'),
(1837, 90, 'Izmir', '232', '+90 232'),
(1838, 90, 'Izmit', '262', '+90 262'),
(1839, 90, 'Kahramanmaras', '344', '+90 344'),
(1840, 90, 'Karaman', '338', '+90 338'),
(1841, 90, 'Kars', '474', '+90 474'),
(1842, 90, 'Kastamonu', '366', '+90 366'),
(1843, 90, 'Kayseri', '352', '+90 352'),
(1844, 90, 'Kirikkale', '318', '+90 318'),
(1845, 90, 'Kirklareli', '288', '+90 288'),
(1846, 90, 'Kirsehir', '386', '+90 386'),
(1847, 90, 'Kocaeli', '262', '+90 262'),
(1848, 90, 'Konya', '332', '+90 332'),
(1849, 90, 'Kutahya', '274', '+90 274'),
(1850, 90, 'Malatya', '422', '+90 422'),
(1851, 90, 'Manisa', '236', '+90 236'),
(1852, 90, 'Mardin', '482', '+90 482'),
(1853, 90, 'Mugla', '252', '+90 252'),
(1854, 90, 'Mus', '436', '+90 436'),
(1855, 90, 'Nigde', '388', '+90 388'),
(1856, 90, 'Ordu', '452', '+90 452'),
(1857, 90, 'Rize', '464', '+90 464'),
(1858, 90, 'Sakarya', '264', '+90 264'),
(1859, 90, 'Samsun', '362', '+90 362'),
(1860, 90, 'Sanliurfa', '414', '+90 414'),
(1861, 90, 'Siirt', '484', '+90 484'),
(1862, 90, 'Sirnak', '486', '+90 486'),
(1863, 90, 'Sivas', '346', '+90 346'),
(1864, 90, 'Tokat', '356', '+90 356'),
(1865, 90, 'Trabzon', '462', '+90 462'),
(1866, 90, 'Tunceli', '428', '+90 428'),
(1867, 90, 'Van', '432', '+90 432'),
(1868, 90, 'Yalova', '226', '+90 226'),
(1869, 90, 'Yozgat', '354', '+90 354'),
(1870, 90, 'Zonguldak', '372', '+90 372'),
(1871, 351, 'Amadora', '21', '+351 21'),
(1872, 351, 'Aveiro', '234', '+351 234'),
(1873, 351, 'Beja', '284', '+351 284'),
(1874, 351, 'Braga', '253', '+351 253'),
(1875, 351, 'Braganca', '273', '+351 273'),
(1876, 351, 'Caldar Da Rainha', '262', '+351 262'),
(1877, 351, 'Cascais', '21', '+351 21'),
(1878, 351, 'Castelo Branco', '272', '+351 272'),
(1879, 351, 'Castro Verd', '286', '+351 286'),
(1880, 351, 'Chaves', '276', '+351 276'),
(1881, 351, 'Coimbra', '239', '+351 239'),
(1882, 351, 'Covilha', '275', '+351 275'),
(1883, 351, 'Estremoz', '268', '+351 268'),
(1884, 351, '', '266', '+351 266'),
(1885, 351, 'Faro', '289', '+351 289'),
(1886, 351, 'Figueira da Foz', '233', '+351 233'),
(1887, 351, 'Funchal', '297', '+351 297'),
(1888, 351, 'Guarda', '271', '+351 271'),
(1889, 351, 'Horta', '292', '+351 292'),
(1890, 351, 'Leiria', '244', '+351 244'),
(1891, 351, 'Lisbon', '21', '+351 21'),
(1892, 351, 'Mirandela', '278', '+351 278'),
(1893, 351, 'Moura', '285', '+351 285'),
(1894, 351, 'Odemira', '283', '+351 283'),
(1895, 351, 'Ponta Delgada', '296', '+351 296'),
(1896, 351, 'Portalegre', '245', '+351 245'),
(1897, 351, 'Portim', '282', '+351 282'),
(1898, 351, 'Porto', '22', '+351 22'),
(1899, 351, 'Santarem', '243', '+351 243'),
(1900, 351, 'Set', '265', '+351 265'),
(1901, 351, 'Tavira', '281', '+351 281'),
(1902, 351, 'Viana do Castelo', '258', '+351 258'),
(1903, 351, 'Vila Nova de Gaia', '22', '+351 22'),
(1904, 351, 'Vila Real', '259', '+351 259'),
(1905, 351, 'Viseu', '232', '+351 232'),
(1906, 353, 'Arklow', '402', '+353 402'),
(1907, 353, 'Cork', '21', '+353 21'),
(1908, 353, 'Drogheda', '41', '+353 41'),
(1909, 353, 'Dublin', '1', '+353 1'),
(1910, 353, 'Ennis', '65', '+353 65'),
(1911, 353, 'Galway City', '91', '+353 91'),
(1912, 353, 'Kildare', '45', '+353 45'),
(1913, 353, 'Killarney', '64', '+353 64'),
(1914, 353, 'Limerick', '61', '+353 61'),
(1915, 353, 'Sligo', '71', '+353 71'),
(1916, 353, 'Tipperary', '52', '+353 52'),
(1917, 353, 'Tralee', '66', '+353 66'),
(1918, 353, 'Tullamore', '506', '+353 506'),
(1919, 353, 'Waterford', '51', '+353 51'),
(1920, 353, 'Wexford', '53', '+353 53'),
(1921, 30, 'Acharnes', '210', '+30 210'),
(1922, 30, 'Aegina', '2297', '+30 2297'),
(1923, 30, 'Aeginio', '2353', '+30 2353'),
(1924, 30, 'Aegio', '2691', '+30 2691'),
(1925, 30, 'Afidnes', '2295', '+30 2295'),
(1926, 30, 'Ag. Kirikos', '2275', '+30 2275'),
(1927, 30, 'Ag. Nikolaos', '2841', '+30 2841'),
(1928, 30, 'Ag. Sotira', '2293', '+30 2293'),
(1929, 30, 'Ag. Varvara', '2894', '+30 2894'),
(1930, 30, 'Agia', '2494', '+30 2494'),
(1931, 30, 'Agiasos', '2252', '+30 2252'),
(1932, 30, 'Agrinio', '2641', '+30 2641'),
(1933, 30, 'Agrinion', '2641', '+30 2641'),
(1934, 30, 'Aitoliko', '2632', '+30 2632'),
(1935, 30, 'Akrata', '2696', '+30 2696'),
(1936, 30, 'Alexandroupoli', '2551', '+30 2551'),
(1937, 30, 'Alexandroupolis', '2551', '+30 2551'),
(1938, 30, 'Aliartos', '2268', '+30 2268'),
(1939, 30, 'Aliveri', '2223', '+30 2223'),
(1940, 30, 'Almyros', '2422', '+30 2422'),
(1941, 30, 'Amaliada', '2622', '+30 2622'),
(1942, 30, 'Amari', '2833', '+30 2833'),
(1943, 30, 'Amfikleia', '2234', '+30 2234'),
(1944, 30, 'Amfilochia', '2642', '+30 2642'),
(1945, 30, 'Amfissa', '2265', '+30 2265'),
(1946, 30, 'Amynteo', '2386', '+30 2386'),
(1947, 30, 'Anc. Olympia', '2624', '+30 2624'),
(1948, 30, 'Andritsena', '2626', '+30 2626'),
(1949, 30, 'Andros', '2282', '+30 2282'),
(1950, 30, 'Archagelos', '2244', '+30 2244'),
(1951, 30, 'Argos', '2751', '+30 2751'),
(1952, 30, 'Argostoli', '2671', '+30 2671'),
(1953, 30, 'Aridea', '2384', '+30 2384'),
(1954, 30, 'Arkalochori', '2891', '+30 2891'),
(1955, 30, 'Arnea', '2372', '+30 2372'),
(1956, 30, 'Arta', '2681', '+30 2681'),
(1957, 30, 'Asprovalta', '2397', '+30 2397'),
(1958, 30, 'Astros', '2755', '+30 2755'),
(1959, 30, 'Atalanti', '2233', '+30 2233'),
(1960, 30, 'Athens', '21', '+30 21'),
(1961, 30, 'Chalandritsa', '2694', '+30 2694'),
(1962, 30, 'Chalkiopoulo', '2647', '+30 2647'),
(1963, 30, 'Chania', '2821', '+30 2821'),
(1964, 30, 'Chios', '2271', '+30 2271'),
(1965, 30, 'Chlkidona', '2391', '+30 2391'),
(1966, 30, 'Chrysoupoli', '2591', '+30 2591'),
(1967, 30, 'Corfu', '2661', '+30 2661'),
(1968, 30, 'Delvinaki', '2657', '+30 2657'),
(1969, 30, 'Didymoticho', '2553', '+30 2553'),
(1970, 30, 'Distomo', '2267', '+30 2267'),
(1971, 30, 'Domokos', '2232', '+30 2232'),
(1972, 30, 'Domvrena', '2264', '+30 2264'),
(1973, 30, 'Drama', '2521', '+30 2521'),
(1974, 30, 'Echinos', '2544', '+30 2544'),
(1975, 30, 'Edessa', '2381', '+30 2381'),
(1976, 30, 'Elassona', '2493', '+30 2493'),
(1977, 30, 'Eleftheroupoli', '2592', '+30 2592'),
(1978, 30, 'Eretria', '2229', '+30 2229'),
(1979, 30, 'Farkadona', '2433', '+30 2433'),
(1980, 30, 'Farsala', '2491', '+30 2491'),
(1981, 30, 'Feres', '2555', '+30 2555'),
(1982, 30, 'Filiates', '2664', '+30 2664'),
(1983, 30, 'Florina', '2385', '+30 2385'),
(1984, 30, 'Fyties', '2646', '+30 2646'),
(1985, 30, 'Gargalianoi', '2763', '+30 2763'),
(1986, 30, 'Giannitsa', '2382', '+30 2382'),
(1987, 30, 'Glyfada', '210', '+30 210'),
(1988, 30, 'Grevena', '2462', '+30 2462'),
(1989, 30, 'Gytheio', '2733', '+30 2733'),
(1990, 30, 'Halkida', '2221', '+30 2221'),
(1991, 30, 'Herakleia', '2325', '+30 2325'),
(1992, 30, 'Heraklion', '2810', '+30 2810'),
(1993, 30, 'Heraklion (Iraklion)', '2810', '+30 2810'),
(1994, 30, 'Iasmos', '2534', '+30 2534'),
(1995, 30, 'Ierapetra', '2842', '+30 2842'),
(1996, 30, 'Ierissos', '2377', '+30 2377'),
(1997, 30, 'Igoumenitsa', '2665', '+30 2665'),
(1998, 30, 'Ilio', '210', '+30 210'),
(1999, 30, 'Iraklion', '281', '+30 281'),
(2000, 30, 'K. Nevrokopi', '2523', '+30 2523'),
(2001, 30, 'Kala Nera', '2423', '+30 2423'),
(2002, 30, 'Kalabaka', '2432', '+30 2432'),
(2003, 30, 'Kalamaria', '2310', '+30 2310'),
(2004, 30, 'Kalamata', '2721', '+30 2721'),
(2005, 30, 'Kalavrita', '2692', '+30 2692'),
(2006, 30, 'Kalentzi', '2659', '+30 2659'),
(2007, 30, 'Kalianoi', '2747', '+30 2747'),
(2008, 30, 'Kalimnos', '2243', '+30 2243'),
(2009, 30, 'Kallikrateia', '2399', '+30 2399'),
(2010, 30, 'Kallisti', '2535', '+30 2535'),
(2011, 30, 'Kallithea', '210', '+30 210'),
(2012, 30, 'Kalloni', '2253', '+30 2253'),
(2013, 30, 'Kam.Vourla', '2235', '+30 2235'),
(2014, 30, 'Kanalaki', '2684', '+30 2684'),
(2015, 30, 'Kantanos', '2823', '+30 2823'),
(2016, 30, 'Kardamila', '2272', '+30 2272'),
(2017, 30, 'Karditsa', '2441', '+30 2441'),
(2018, 30, 'Karies', '2653', '+30 2653'),
(2019, 30, 'Karpathos', '2245', '+30 2245'),
(2020, 30, 'Karpenisi', '2237', '+30 2237'),
(2021, 30, 'Karystos', '2224', '+30 2224'),
(2022, 30, 'Kassandreia', '2374', '+30 2374'),
(2023, 30, 'Kastoria', '2467', '+30 2467'),
(2024, 30, 'Kastri', '2792', '+30 2792'),
(2025, 30, 'Katerini', '2351', '+30 2351'),
(2026, 30, 'Kavala', '251', '+30 251'),
(2027, 30, 'Kea', '2288', '+30 2288'),
(2028, 30, 'Keratsini', '210', '+30 210'),
(2029, 30, 'Khani', '28210', '+30 28210'),
(2030, 30, 'Khania/Souda', '28210', '+30 28210'),
(2031, 30, 'Kiato', '2742', '+30 2742'),
(2032, 30, 'Kilkis', '2341', '+30 2341'),
(2033, 30, 'Kissamos', '2822', '+30 2822'),
(2034, 30, 'Kolympari', '2824', '+30 2824'),
(2035, 30, 'Komotini', '2531', '+30 2531'),
(2036, 30, 'Konitsa', '2655', '+30 2655'),
(2037, 30, 'Kopanaki', '2765', '+30 2765'),
(2038, 30, 'Korinthos', '2741', '+30 2741'),
(2039, 30, 'Koroni', '2725', '+30 2725'),
(2040, 30, 'Kos', '2242', '+30 2242'),
(2041, 30, 'Kozani', '2461', '+30 2461'),
(2042, 30, 'Kranidi', '2754', '+30 2754'),
(2043, 30, 'Krestena', '2625', '+30 2625'),
(2044, 30, 'Kymi', '2222', '+30 2222'),
(2045, 30, 'Kyparissia', '2761', '+30 2761'),
(2046, 30, 'Kyprinos', '2556', '+30 2556'),
(2047, 30, 'Kythira', '2736', '+30 2736'),
(2048, 30, 'Lagadas', '2394', '+30 2394'),
(2049, 30, 'Lagadikia', '2393', '+30 2393'),
(2050, 30, 'Lagonisi', '2291', '+30 2291'),
(2051, 30, 'Lamia', '2231', '+30 2231'),
(2052, 30, 'Larissa', '241', '+30 241'),
(2053, 30, 'Lavrion', '2292', '+30 2292'),
(2054, 30, 'Lechena', '2623', '+30 2623'),
(2055, 30, 'Lefkada', '2645', '+30 2645'),
(2056, 30, 'Lefkimi Corfu', '2662', '+30 2662'),
(2057, 30, 'Leonidio', '2757', '+30 2757'),
(2058, 30, 'Leros', '2247', '+30 2247'),
(2059, 30, 'Levidi', '2796', '+30 2796'),
(2060, 30, 'Lidoriki', '2266', '+30 2266'),
(2061, 30, 'Limenari', '2593', '+30 2593'),
(2062, 30, 'Limin Chersonisou', '2897', '+30 2897'),
(2063, 30, 'Livadeia', '2261', '+30 2261'),
(2064, 30, 'Loutra Aidipsou', '2226', '+30 2226'),
(2065, 30, 'Loutraki', '2744', '+30 2744'),
(2066, 30, 'Lygourgio', '2753', '+30 2753'),
(2067, 30, 'Makrakomi', '2236', '+30 2236'),
(2068, 30, 'Makrychori', '2495', '+30 2495'),
(2069, 30, 'Mantoudi', '2227', '+30 2227'),
(2070, 30, 'Markopoulo', '2299', '+30 2299'),
(2071, 30, 'Mataraga', '2635', '+30 2635'),
(2072, 30, 'Megalopoli', '2791', '+30 2791'),
(2073, 30, 'Megara', '2296', '+30 2296'),
(2074, 30, 'Meligalas', '2724', '+30 2724'),
(2075, 30, 'Messini', '2722', '+30 2722'),
(2076, 30, 'Messologi', '2631', '+30 2631'),
(2077, 30, 'Mikonos', '2289', '+30 2289'),
(2078, 30, 'Milos', '2287', '+30 2287'),
(2079, 30, 'Mirina', '2254', '+30 2254'),
(2080, 30, 'Mitilini', '2251', '+30 2251'),
(2081, 30, 'Moires', '2892', '+30 2892'),
(2082, 30, 'Molaoi', '2732', '+30 2732'),
(2083, 30, 'Moudania', '2373', '+30 2373'),
(2084, 30, 'Mouzaki', '2445', '+30 2445'),
(2085, 30, 'Nafpaktos', '2634', '+30 2634'),
(2086, 30, 'Nafplion', '2752', '+30 2752'),
(2087, 30, 'Naousa', '2332', '+30 2332'),
(2088, 30, 'Naxos', '2285', '+30 2285'),
(2089, 30, 'Nea Smyrni', '210', '+30 210'),
(2090, 30, 'Nemea', '2746', '+30 2746'),
(2091, 30, 'Nigrita', '2322', '+30 2322'),
(2092, 30, 'Nikaia', '210', '+30 210'),
(2093, 30, 'Nikitas', '2375', '+30 2375'),
(2094, 30, 'Orestiada', '2552', '+30 2552'),
(2095, 30, 'Palamas', '2444', '+30 2444'),
(2096, 30, 'Paramythia', '2666', '+30 2666'),
(2097, 30, 'Paranesti', '2524', '+30 2524'),
(2098, 30, 'Paros', '2284', '+30 2284'),
(2099, 30, 'Patra', '261', '+30 261'),
(2100, 30, 'Patras', '2610', '+30 2610'),
(2101, 30, 'Perama', '2834', '+30 2834'),
(2102, 30, 'Peramos', '2594', '+30 2594'),
(2103, 30, 'Perdika', '2654', '+30 2654'),
(2104, 30, 'Perea', '2392', '+30 2392'),
(2105, 30, 'Peristeri', '210', '+30 210'),
(2106, 30, 'Peristerion', '210', '+30 210'),
(2107, 30, 'Philippiada', '2683', '+30 2683'),
(2108, 30, 'Piraeus', '210', '+30 210'),
(2109, 30, 'Plaka', '2352', '+30 2352'),
(2110, 30, 'Polikastro', '2343', '+30 2343'),
(2111, 30, 'Polygyros', '2371', '+30 2371'),
(2112, 30, 'Poros', '2298', '+30 2298'),
(2113, 30, 'Pr', '2682', '+30 2682'),
(2114, 30, 'Prosotsani', '2522', '+30 2522'),
(2115, 30, 'Psachna', '2228', '+30 2228'),
(2116, 30, 'Ptolemaida', '2463', '+30 2463'),
(2117, 30, 'Pyli', '2434', '+30 2434'),
(2118, 30, 'Pylos', '2723', '+30 2723'),
(2119, 30, 'Pyrgos', '2621', '+30 2621'),
(2120, 30, 'Pyrgos (Creta)', '2893', '+30 2893'),
(2121, 30, 'Rafina', '2294', '+30 2294'),
(2122, 30, 'Rethymno', '2831', '+30 2831'),
(2123, 30, 'Rhodes', '2241', '+30 2241'),
(2124, 30, 'R', '22410', '+30 22410'),
(2125, 30, 'Rodopoli', '2327', '+30 2327'),
(2126, 30, 'Salakos', '2246', '+30 2246'),
(2127, 30, 'Sami', '2674', '+30 2674'),
(2128, 30, 'Samos', '2273', '+30 2273'),
(2129, 30, 'Sapes', '2532', '+30 2532'),
(2130, 30, 'Serres', '2321', '+30 2321'),
(2131, 30, 'Servia', '2464', '+30 2464'),
(2132, 30, 'Siatista', '2465', '+30 2465'),
(2133, 30, 'Sidirokastro', '2323', '+30 2323'),
(2134, 30, 'Siros', '2281', '+30 2281'),
(2135, 30, 'Sitia', '2843', '+30 2843'),
(2136, 30, 'Skala', '2735', '+30 2735'),
(2137, 30, 'Skiathos', '2427', '+30 2427'),
(2138, 30, 'Skopelos', '2424', '+30 2424'),
(2139, 30, 'Skripero Corfu', '2663', '+30 2663'),
(2140, 30, 'Sochos', '2395', '+30 2395'),
(2141, 30, 'Sofades', '2443', '+30 2443'),
(2142, 30, 'Soufli', '2554', '+30 2554'),
(2143, 30, 'Sparti', '2731', '+30 2731'),
(2144, 30, 'Spili', '2832', '+30 2832'),
(2145, 30, 'Stavroupoli', '2542', '+30 2542'),
(2146, 30, 'Stilida', '2238', '+30 2238'),
(2147, 30, 'Stratoni', '2376', '+30 2376'),
(2148, 30, 'Tampouria', '2656', '+30 2656'),
(2149, 30, 'Thermo', '2644', '+30 2644'),
(2150, 30, 'Thessaloniki', '231', '+30 231'),
(2151, 30, 'Thira', '2286', '+30 2286'),
(2152, 30, 'Thiva', '2262', '+30 2262'),
(2153, 30, 'Tinos', '2283', '+30 2283'),
(2154, 30, 'Trikala', '2431', '+30 2431'),
(2155, 30, 'Tripolis', '271', '+30 271'),
(2156, 30, 'Tropea', '2797', '+30 2797'),
(2157, 30, 'Tyrnavos', '2492', '+30 2492'),
(2158, 30, 'Tzermiades', '2844', '+30 2844'),
(2159, 30, 'Vamos', '2825', '+30 2825'),
(2160, 30, 'Vasilika', '2396', '+30 2396'),
(2161, 30, 'Velestino', '2425', '+30 2425'),
(2162, 30, 'Veroia', '2331', '+30 2331'),
(2163, 30, 'Viannos', '2895', '+30 2895'),
(2164, 30, 'Vilia', '2263', '+30 2263'),
(2165, 30, 'Vitina', '2795', '+30 2795'),
(2166, 30, 'Volissos', '2274', '+30 2274'),
(2167, 30, 'Volos', '24210', '+30 24210'),
(2168, 30, 'Vonitsa', '2643', '+30 2643'),
(2169, 30, 'Voulgareli', '2685', '+30 2685'),
(2170, 30, 'Xanthi', '2541', '+30 2541'),
(2171, 30, 'Xylagani', '2533', '+30 2533'),
(2172, 30, 'Xylokastro', '2743', '+30 2743'),
(2173, 30, 'Zagora', '2426', '+30 2426'),
(2174, 30, 'Zakynthos', '2695', '+30 2695'),
(2175, 30, 'Zichni', '2324', '+30 2324'),
(2176, 30, 'Zitsa', '2658', '+30 2658');

-- --------------------------------------------------------

--
-- Table structure for table `registration`
--

CREATE TABLE IF NOT EXISTS `registration` (
  `registration_sk` int(11) NOT NULL AUTO_INCREMENT,
  `username` varchar(30) NOT NULL,
  `emailid` varchar(70) NOT NULL,
  `password` varchar(25) NOT NULL,
  `created_date` datetime NOT NULL,
  `active_status` int(1) NOT NULL,
  `delete_status` int(1) NOT NULL,
  `modify_date` datetime NOT NULL,
  PRIMARY KEY (`registration_sk`)
) ENGINE=InnoDB  DEFAULT CHARSET=latin1 AUTO_INCREMENT=3 ;

--
-- Dumping data for table `registration`
--

INSERT INTO `registration` (`registration_sk`, `username`, `emailid`, `password`, `created_date`, `active_status`, `delete_status`, `modify_date`) VALUES
(1, 'bala ', 'bala@gmail.com', 'bala', '1970-01-01 01:00:00', 1, 0, '1970-01-01 01:00:00'),
(2, 'mukhila', 'mukhila@yahoo.com', 'dgf', '1970-01-01 01:00:00', 1, 0, '1970-01-01 01:00:00');

-- --------------------------------------------------------

--
-- Table structure for table `states`
--

CREATE TABLE IF NOT EXISTS `states` (
  `stateID` smallint(5) unsigned NOT NULL AUTO_INCREMENT,
  `stateName` varchar(50) NOT NULL DEFAULT '',
  `countryID` varchar(3) NOT NULL,
  `latitude` double NOT NULL DEFAULT '0',
  `longitude` double NOT NULL DEFAULT '0',
  PRIMARY KEY (`stateID`),
  KEY `stateName` (`stateName`),
  KEY `countryID` (`countryID`),
  KEY `unq1` (`countryID`,`stateName`)
) ENGINE=InnoDB  DEFAULT CHARSET=utf8 ROW_FORMAT=DYNAMIC AUTO_INCREMENT=2371 ;

--
-- Dumping data for table `states`
--

INSERT INTO `states` (`stateID`, `stateName`, `countryID`, `latitude`, `longitude`) VALUES
(5, 'California', 'USA', 37.42, -122.06),
(6, 'Beijing', 'CHN', 39.93, 116.39),
(9, 'Iowa', 'USA', 43.03, -96.09),
(10, 'New York', 'USA', 40.76, -73.97),
(11, 'Hebei', 'CHN', 39.89, 115.28),
(12, 'Jiangsu', 'CHN', 32.06, 118.78),
(14, 'New Jersey', 'USA', 39.82, -75.13),
(15, 'Massachusetts', 'USA', 42.56, -72.18),
(16, 'Connecticut', 'USA', 41.14, -73.26),
(17, 'Guangdong', 'CHN', 23.12, 113.25),
(19, 'Florida', 'USA', 28.05, -82.36),
(24, 'Texas', 'USA', 30.27, -97.74),
(28, 'Armed Forces US', 'USA', 60, -100),
(32, 'Tennessee', 'USA', 35.04, -89.93),
(33, 'Kentucky', 'USA', 39.02, -84.56),
(34, 'Ile-de-France', 'FRA', 48.8, 2.5),
(35, 'Georgia', 'USA', 33.84, -84.38),
(37, 'Rio de Janeiro', 'BRA', -22.9, -43.23),
(44, 'Illinois', 'USA', 42.05, -88.05),
(46, 'Ceara', 'BRA', -3.32, -41.42),
(47, 'Colorado', 'USA', 39.74, -104.98),
(48, 'Zhejiang', 'CHN', 28.02, 120.65),
(49, 'Utah', 'USA', 40.76, -111.89),
(52, 'Liaoning', 'CHN', 41.79, 123.43),
(56, 'Haryana', 'IND', 28.47, 77.03),
(57, 'Maryland', 'USA', 39.1, -76.88),
(62, 'Shanghai', 'CHN', 31, 121.41),
(64, 'Tianjin', 'CHN', 39.14, 117.18),
(72, 'South Carolina', 'USA', 33.92, -80.34),
(73, 'Montana', 'USA', 45.77, -110.93),
(76, 'Louisiana', 'USA', 29.91, -90.05),
(77, 'Fujian', 'CHN', 24.47, 118.09),
(78, 'Santa Catarina', 'BRA', -26.48, -49.07),
(80, 'Espirito Santo', 'BRA', -20.12, -40.3),
(84, 'Washington', 'USA', 47.09, -122.65),
(85, 'Andhra Pradesh', 'IND', 17.38, 78.47),
(87, 'Pennsylvania', 'USA', 40.45, -79.99),
(90, 'Guangxi', 'CHN', 22.82, 108.32),
(93, 'North Carolina', 'USA', 35.75, -78.72),
(94, 'Shandong', 'CHN', 37.26, 117.08),
(97, 'Chongqing', 'CHN', 29.56, 106.55),
(98, 'Michigan', 'USA', 43.93, -86.26),
(99, 'Hubei', 'CHN', 30.58, 114.27),
(100, 'Delhi', 'IND', 28.67, 77.22),
(101, 'Arkansas', 'USA', 36.19, -94.24),
(107, 'Wisconsin', 'USA', 44.63, -90.2),
(112, 'Midi-Pyrenees', 'FRA', 43.73, 1.42),
(116, 'Picardie', 'FRA', 49.02, 1.9),
(121, 'Bahia', 'BRA', -12.98, -38.52),
(123, 'Heilongjiang', 'CHN', 45.75, 126.65),
(128, 'Tamil Nadu', 'IND', 13.08, 80.28),
(129, 'Ohio', 'USA', 39.11, -84.5),
(132, 'New Mexico', 'USA', 35.78, -105.87),
(133, 'Kansas', 'USA', 37.69, -97.34),
(136, 'Oregon', 'USA', 45.44, -122.97),
(138, 'Uttar Pradesh', 'IND', 27.18, 78.02),
(140, 'Nebraska', 'USA', 41.11, -95.93),
(143, 'West Virginia', 'USA', 39.46, -77.95),
(144, 'Virginia', 'USA', 37.13, -76.45),
(145, 'Missouri', 'USA', 38.25, -94.31),
(148, 'Mississippi', 'USA', 32.37, -90.11),
(151, 'Rhode Island', 'USA', 41.82, -71.41),
(155, 'Sao Paulo', 'BRA', -23.95, -46.33),
(156, 'Shanxi', 'CHN', 37.9, 112.19),
(160, 'Karnataka', 'IND', 12.98, 77.58),
(161, 'Hunan', 'CHN', 26.97, 109.77),
(163, 'Indiana', 'USA', 39.79, -86.17),
(164, 'Oklahoma', 'USA', 34.66, -98.48),
(175, 'Minnesota', 'USA', 44.98, -93.27),
(176, 'Alabama', 'USA', 33.8, -87.28),
(178, 'Hainan', 'CHN', 19.14, 110.48),
(181, 'Arizona', 'USA', 33.46, -111.99),
(182, 'Sichuan', 'CHN', 30.67, 104.07),
(186, 'South Dakota', 'USA', 43.72, -98.03),
(187, 'Maharashtra', 'IND', 18.98, 72.83),
(192, 'Nevada', 'USA', 36.17, -115.28),
(196, 'Henan', 'CHN', 34.22, 113.77),
(206, 'Kerala', 'IND', 8.51, 76.96),
(215, 'New Hampshire', 'USA', 42.87, -71.39),
(218, 'Maine', 'USA', 44.08, -70.17),
(220, 'Hawaii', 'USA', 21.3, -157.79),
(225, 'Chhattisgarh', 'IND', 21.18, 81.28),
(236, 'Anhui', 'CHN', 31.86, 117.28),
(249, 'District of Columbia', 'USA', 38.9, -77.04),
(254, 'Delaware', 'USA', 39.62, -75.7),
(258, 'West Bengal', 'IND', 22.57, 88.37),
(268, 'Shaanxi', 'CHN', 34.26, 108.94),
(274, 'Madhya Pradesh', 'IND', 22.72, 75.83),
(284, 'Gujarat', 'IND', 23.03, 72.62),
(296, 'Franche-Comte', 'FRA', 47.63, 6.87),
(305, 'Idaho', 'USA', 48.39, -116.89),
(306, 'Rajasthan', 'IND', 26.92, 75.82),
(307, 'Nei Mongol', 'CHN', 49.2, 119.7),
(315, 'Alsace', 'FRA', 48.58, 7.75),
(317, 'Orissa', 'IND', 20.5, 85.83),
(334, 'Jilin', 'CHN', 43.88, 125.32),
(355, 'Jharkhand', 'IND', 23.35, 85.33),
(363, 'Chandigarh', 'IND', 30.74, 76.79),
(377, 'Punjab', 'IND', 30.9, 75.85),
(409, 'Languedoc-Roussillon', 'FRA', 43.4, 3.68),
(416, 'Assam', 'IND', 24.82, 92.8),
(431, 'Centre', 'FRA', 47.08, 2.4),
(469, 'Champagne-Ardenne', 'FRA', 49.42, 4.5),
(471, 'Bretagne', 'FRA', 48.77, 2.3),
(544, 'Rhone-Alpes', 'FRA', 45.75, 4.85),
(555, 'Nord-Pas-de-Calais', 'FRA', 50.75, 2.15),
(556, 'Lorraine', 'FRA', 48.68, 6.2),
(561, 'Rio Grande do Sul', 'BRA', -30.03, -51.2),
(563, 'Provence-Alpes-Cote d''Azur', 'FRA', 44.4, 4.93),
(586, 'Minas Gerais', 'BRA', -19.92, -43.93),
(598, 'Limousin', 'FRA', 45.85, 1.25),
(600, 'Guizhou', 'CHN', 26.58, 106.72),
(635, 'Haute-Normandie', 'FRA', 49.15, 1.33),
(649, 'Poitou-Charentes', 'FRA', 45.65, 0.15),
(667, 'Wyoming', 'USA', 44.78, -107.55),
(676, 'Daman and Diu', 'IND', 20.37, 72.9),
(701, 'Para', 'BRA', -1.27, -48.18),
(708, 'Basse-Normandie', 'FRA', 49.15, 0.23),
(728, 'Bihar', 'IND', 25.6, 85.12),
(729, 'Aquitaine', 'FRA', 45.12, 0.4),
(773, 'Parana', 'BRA', -25.42, -49.25),
(798, 'Auvergne', 'FRA', 46.28, 3.6),
(808, 'Pernambuco', 'BRA', -8.05, -34.9),
(822, 'Pays de la Loire', 'FRA', 47.47, 0.2),
(838, 'Amazonas', 'BRA', -3.11, -60.03),
(842, 'Distrito Federal', 'BRA', -15.78, -47.92),
(924, 'North Dakota', 'USA', 46.96, -97.68),
(937, 'Bourgogne', 'FRA', 47.8, 3.57),
(959, 'Vermont', 'USA', 44.49, -73.23),
(970, 'Goias', 'BRA', -15.93, -50.13),
(1008, 'Himachal Pradesh', 'IND', 31.1, 77.17),
(1011, 'Sergipe', 'BRA', -11.27, -37.43),
(1061, 'Alaska', 'USA', 61.52, -149.57),
(1102, 'Mato Grosso do Sul', 'BRA', -22.22, -54.8),
(1178, 'Yunnan', 'CHN', 25.04, 102.72),
(1200, 'Uttarakhand', 'IND', 30.32, 78.03),
(1203, 'Meghalaya', 'IND', 25.58, 91.87),
(1231, 'Jiangxi', 'CHN', 28.55, 115.93),
(1269, 'Rio Grande do Norte', 'BRA', -5.78, -35.22),
(1293, 'Paraiba', 'BRA', -7.22, -35.88),
(1297, 'Piaui', 'BRA', -5.08, -42.82),
(1310, 'Gansu', 'CHN', 36.06, 103.79),
(1312, 'Jammu and Kashmir', 'IND', 33.8, 74.26),
(1334, 'Goa', 'IND', 15.27, 73.92),
(1335, 'Maranhao', 'BRA', -2.52, -44.27),
(1457, 'Mato Grosso', 'BRA', -15.58, -56.08),
(1483, 'Corse', 'FRA', 41.92, 8.73),
(1568, 'Alagoas', 'BRA', -9.67, -35.72),
(1596, 'Puducherry', 'IND', 11.93, 79.83),
(1654, 'Manipur', 'IND', 24.82, 93.95),
(1673, 'Tocantins', 'BRA', -10.22, -48.28),
(1714, 'Roraima', 'BRA', 3.83, -60.22),
(1723, 'Rondonia', 'BRA', -10.67, -62.3),
(1736, 'Xizang', 'CHN', 29.65, 91.1),
(1741, 'Ningxia', 'CHN', 38.47, 106.27),
(1751, 'Xinjiang', 'CHN', 43.8, 87.58),
(1753, 'Qinghai', 'CHN', 36.5, 101.6),
(1791, 'Mizoram', 'IND', 23.72, 92.72),
(1846, 'Dadra and Nagar Haveli', 'IND', 20.27, 73.02),
(1874, 'Arunachal Pradesh', 'IND', 27.57, 93.85),
(1918, 'Tripura', 'IND', 23.84, 91.28),
(2113, 'Amapa', 'BRA', 0.03, -51.05),
(2116, 'Acre', 'BRA', -9.97, -67.8),
(2320, 'Sikkim', 'IND', 27.33, 88.62),
(2370, 'Nagaland', 'IND', 25.67, 94.12);

/*!40101 SET CHARACTER_SET_CLIENT=@OLD_CHARACTER_SET_CLIENT */;
/*!40101 SET CHARACTER_SET_RESULTS=@OLD_CHARACTER_SET_RESULTS */;
/*!40101 SET COLLATION_CONNECTION=@OLD_COLLATION_CONNECTION */;
